annee_numero_de_tirage;jour_de_tirage;date_de_tirage;numéro_de_tirage_dans_le_cycle;date_de_forclusion;boule_1;boule_2;boule_3;boule_4;boule_5;boule_6;numero_dream;boules_gagnantes_en_ordre_croissant;nombre_de_gagnant_au_rang1_Euro_Dreams_en_france;nombre_de_gagnant_au_rang1_Euro_Dreams_en_europe;rapport_du_rang1_Euro_Dreams;nombre_de_gagnant_au_rang2_Euro_Dreams_en_france;nombre_de_gagnant_au_rang2_Euro_Dreams_en_europe;rapport_du_rang2_Euro_Dreams;nombre_de_gagnant_au_rang3_Euro_Dreams_en_france;nombre_de_gagnant_au_rang3_Euro_Dreams_en_europe;rapport_du_rang3_Euro_Dreams;nombre_de_gagnant_au_rang4_Euro_Dreams_en_france;nombre_de_gagnant_au_rang4_Euro_Dreams_en_europe;rapport_du_rang4_Euro_Dreams;nombre_de_gagnant_au_rang5_Euro_Dreams_en_france;nombre_de_gagnant_au_rang5_Euro_Dreams_en_europe;rapport_du_rang5_Euro_Dreams;nombre_de_gagnant_au_rang6_Euro_Dreams_en_france;nombre_de_gagnant_au_rang6_Euro_Dreams_en_europe;rapport_du_rang6_Euro_Dreams;nombre_de_codes_gagnants;rapport_codes_gagnants;codes_gagnants;
26057;JEUDI;16/07/2026;0;15/10/2026;9;16;14;30;1;40;3;-1-9-14-16-30-40-;0;0;0;0;0;0;29;77;680,50;1102;4209;34,90;15185;59137;5,20;87926;344049;2,50;;;;
26056;LUNDI;13/07/2026;0;12/10/2026;21;12;13;30;9;17;1;-9-12-13-17-21-30-;0;0;0;0;0;0;37;117;365,50;1388;5001;23,90;16206;64659;3,80;84216;353247;2,50;;;;
26055;JEUDI;09/07/2026;0;08/10/2026;18;5;14;22;33;35;4;-5-14-18-22-33-35-;0;0;0;0;0;0;23;108;493,40;1020;4397;33,90;14978;60552;5,10;87963;349892;2,50;;;;
26054;LUNDI;06/07/2026;0;05/10/2026;5;37;12;7;4;29;2;-4-5-7-12-29-37-;0;0;0;0;1;2000,00;28;112;397,10;1090;4292;29,00;15784;62373;4,10;85516;352258;2,50;;;;
26053;JEUDI;02/07/2026;0;01/10/2026;40;23;36;12;3;24;3;-3-12-23-24-36-40-;0;0;0;1;1;2000,00;21;117;434,10;1127;4561;31,20;16158;62989;4,70;94373;360382;2,50;;;;
26052;LUNDI;29/06/2026;0;28/09/2026;40;29;28;20;22;12;2;-12-20-22-28-29-40-;0;0;0;0;0;0;22;91;508,90;862;3828;33,90;12696;55379;4,90;75803;323436;2,50;;;;
26051;JEUDI;25/06/2026;0;24/09/2026;16;11;1;38;4;17;1;-1-4-11-16-17-38-;0;0;0;0;0;0;17;67;748,50;920;3675;38,20;14244;55217;5,30;82185;327543;2,50;;;;
26050;LUNDI;22/06/2026;0;21/09/2026;4;10;15;14;37;29;3;-4-10-14-15-29-37-;0;1;20000,00;0;0;0;22;84;571,80;728;3397;39,60;11478;50689;5,50;70807;307418;2,50;;;;
26049;JEUDI;18/06/2026;0;17/09/2026;28;30;27;2;19;23;3;-2-19-23-27-28-30-;0;0;0;0;0;0;29;92;523,30;1073;4204;32,10;16201;60974;4,60;94631;356604;2,50;;;;
26048;LUNDI;15/06/2026;0;14/09/2026;20;29;3;40;14;22;5;-3-14-20-22-29-40-;0;1;20000,00;0;1;2000,00;23;103;464,70;950;4116;32,50;13187;57547;4,80;76809;329580;2,50;;;;
26047;JEUDI;11/06/2026;0;10/09/2026;32;31;22;25;6;18;5;-6-18-22-25-31-32-;0;0;0;0;0;0;33;101;562,80;1072;4134;38,50;16318;60356;5,50;97622;360694;2,50;;;;
26046;LUNDI;08/06/2026;0;07/09/2026;28;22;9;34;2;4;4;-2-4-9-22-28-34-;1;1;20000,00;0;1;2000,00;27;105;482,80;1019;4151;34,20;14437;60155;4,90;81576;344417;2,50;;;;
26045;JEUDI;04/06/2026;0;03/09/2026;1;39;37;9;22;17;3;-1-9-17-22-37-39-;0;0;0;0;2;2000,00;25;117;473,90;1009;4094;37,90;15287;59394;5,40;94895;351729;2,50;;;;
26044;LUNDI;01/06/2026;0;31/08/2026;15;39;31;34;23;4;3;-4-15-23-31-34-39-;0;0;0;0;0;0;18;88;616,20;878;4004;37,90;11738;54078;5,90;70655;320091;2,50;;;;
26043;JEUDI;28/05/2026;0;27/08/2026;17;35;22;12;11;25;4;-11-12-17-22-25-35-;0;0;0;0;0;0;35;102;499,20;1113;4113;34,70;16129;62160;4,80;93738;361397;2,50;;;;
26042;LUNDI;25/05/2026;0;24/08/2026;13;30;27;22;17;4;1;-4-13-17-22-27-30-;0;0;0;0;0;0;31;148;285,70;1153;4626;25,60;13734;59499;4,10;73142;324467;2,50;;;;
26041;JEUDI;21/05/2026;0;20/08/2026;27;10;16;29;25;37;5;-10-16-25-27-29-37-;1;1;20000,00;0;1;2000,00;31;113;498,60;917;3815;41,40;14546;57992;5,70;88314;348044;2,50;;;;
26040;LUNDI;18/05/2026;0;17/08/2026;16;22;21;11;3;20;4;-3-11-16-20-21-22-;0;0;0;0;1;2000,00;26;91;515,10;1004;4030;32,60;14531;60218;4,50;83008;347869;2,50;;;;
26039;JEUDI;14/05/2026;0;13/08/2026;21;7;9;24;27;3;4;-3-7-9-21-24-27-;0;0;0;0;0;0;66;185;224,20;1892;6648;17,40;22347;79080;3,00;106358;390136;2,50;;;;
26038;LUNDI;11/05/2026;0;10/08/2026;38;1;30;22;6;4;5;-1-4-6-22-30-38-;0;0;0;0;0;0;24;95;555,90;912;3818;38,70;13328;56465;5,50;77809;330075;2,50;;;;
26037;JEUDI;07/05/2026;0;06/08/2026;9;38;24;13;32;12;5;-9-12-13-24-32-38-;0;0;0;0;0;0;30;118;474,30;1115;4532;34,60;16740;64288;5,10;103114;380154;2,50;;;;
26036;LUNDI;04/05/2026;0;03/08/2026;12;38;21;34;30;27;1;-12-21-27-30-34-38-;0;1;20000,00;0;0;0;23;94;573,40;1017;3981;37,90;14526;55603;5,70;86350;326789;2,50;;;;
26035;JEUDI;30/04/2026;0;30/07/2026;7;5;16;9;19;22;2;-5-7-9-16-19-22-;0;1;20000,00;0;1;2000,00;56;162;300,00;2135;6531;20,80;25650;81011;3,50;128499;424146;2,50;;;;
26034;LUNDI;27/04/2026;0;27/07/2026;29;34;21;1;4;14;1;-1-4-14-21-29-34-;0;0;0;0;0;0;27;98;552,50;929;3761;40,30;12998;54252;5,80;80387;327717;2,50;;;;
26033;JEUDI;23/04/2026;0;23/07/2026;29;7;23;3;19;22;2;-3-7-19-22-23-29-;0;0;0;0;3;2000,00;38;160;268,00;1685;6254;19,20;20663;77001;3,20;105619;399482;2,50;;;;
26032;LUNDI;20/04/2026;0;20/07/2026;15;26;31;5;24;7;4;-5-7-15-24-26-31-;0;0;0;0;0;0;47;147;314,90;1435;4873;26,60;15887;62530;4,30;84914;351474;2,50;;;;
26031;JEUDI;16/04/2026;0;16/07/2026;31;24;23;40;29;28;3;-23-24-28-29-31-40-;0;0;0;0;0;0;18;75;728,50;846;3521;43,50;14046;57131;5,60;92894;365629;2,50;;;;
26030;LUNDI;13/04/2026;0;13/07/2026;3;19;40;28;17;33;5;-3-17-19-28-33-40-;0;0;0;0;1;2000,00;31;121;400,00;1002;4710;28,80;14157;64710;4,40;82303;363739;2,50;;;;
26029;JEUDI;09/04/2026;0;09/07/2026;7;3;8;29;19;24;5;-3-7-8-19-24-29-;0;1;30000,00;0;0;0;51;162;291,80;1990;6246;21,20;23577;81233;3,40;119151;429109;2,50;;;;
26028;LUNDI;06/04/2026;0;06/07/2026;2;8;1;14;33;28;3;-1-2-8-14-28-33-;0;0;0;0;0;0;22;87;559,80;955;3777;36,10;13560;55402;5,10;79360;321283;2,50;;;;
26027;JEUDI;02/04/2026;0;02/07/2026;4;13;30;37;3;21;4;-3-4-13-21-30-37-;0;0;0;0;1;2000,00;24;120;472,40;1255;5135;30,90;18633;71933;4,60;107513;409244;2,50;;;;
26026;LUNDI;30/03/2026;0;29/06/2026;23;20;39;3;17;30;3;-3-17-20-23-30-39-;0;0;0;0;0;0;31;110;481,80;1157;4549;32,60;15023;62866;4,90;86250;360869;2,50;;;;
26025;JEUDI;26/03/2026;0;25/06/2026;30;39;32;34;11;14;5;-11-14-30-32-34-39-;0;0;0;0;0;0;14;67;990,50;1024;3879;47,90;16005;58698;6,60;98269;360866;2,50;;;;
26024;LUNDI;23/03/2026;0;22/06/2026;28;1;4;13;16;6;5;-1-4-6-13-16-28-;0;0;0;0;0;0;41;132;422,20;1651;5252;29,70;20714;70172;4,60;111288;390116;2,50;;;;
26023;JEUDI;19/03/2026;0;18/06/2026;5;28;15;33;8;34;3;-5-8-15-28-33-34-;0;0;0;0;1;2000,00;22;111;524,60;1296;4666;34,90;18242;66675;5,10;109232;397230;2,50;;;;
26022;LUNDI;16/03/2026;0;15/06/2026;29;2;32;5;24;39;3;-2-5-24-29-32-39-;0;0;0;0;0;0;27;93;684,30;1010;4087;43,60;14733;60270;6,20;92833;366371;2,50;;;;
26021;JEUDI;12/03/2026;0;11/06/2026;35;9;2;36;20;23;4;-2-9-20-23-35-36-;0;0;0;0;0;0;17;90;724,10;999;4075;44,80;16776;63333;6,00;105806;389738;2,50;;;;
26020;LUNDI;09/03/2026;0;08/06/2026;32;34;5;35;14;37;3;-5-14-32-34-35-37-;0;0;0;1;2;2000,00;19;94;723,70;725;3617;52,70;11969;54262;7,30;77623;339840;2,50;;;;
26019;JEUDI;05/03/2026;0;04/06/2026;38;37;22;32;18;6;4;-6-18-22-32-37-38-;0;0;0;0;0;0;26;114;586,50;1019;4319;43,40;16360;63637;6,10;102202;385302;2,50;;;;
26018;LUNDI;02/03/2026;0;01/06/2026;35;14;18;11;1;8;3;-1-8-11-14-18-35-;0;0;0;0;0;0;34;100;564,00;1239;4532;34,80;17249;66305;5,00;98573;390096;2,50;;;;
26017;JEUDI;26/02/2026;0;28/05/2026;18;23;21;19;36;17;4;-17-18-19-21-23-36-;0;0;0;0;0;0;31;110;532,60;1189;4747;34,50;19009;70794;4,80;113849;418070;2,50;;;;
26016;LUNDI;23/02/2026;0;25/05/2026;1;25;26;12;39;7;1;-1-7-12-25-26-39-;0;0;0;0;1;2000,00;39;137;406,00;1350;4757;32,70;17867;68342;4,70;101011;392910;2,50;;;;
26015;JEUDI;19/02/2026;0;21/05/2026;37;13;38;36;8;10;4;-8-10-13-36-37-38-;0;0;0;1;1;2000,00;23;87;723,30;1024;3812;46,20;16843;61633;6,00;108411;392975;2,50;;;;
26014;LUNDI;16/02/2026;0;18/05/2026;6;10;38;24;13;26;3;-6-10-13-24-26-38-;0;0;0;0;0;0;40;154;369,20;1607;5368;29,60;20504;71898;4,60;112515;407470;2,50;;;;
26013;JEUDI;12/02/2026;0;14/05/2026;33;17;34;30;27;36;3;-17-27-30-33-34-36-;0;0;0;0;0;0;18;82;839,60;974;3993;48,30;16112;62385;6,40;102886;386144;2,50;;;;
26012;LUNDI;09/02/2026;0;11/05/2026;33;22;19;11;36;9;3;-9-11-19-22-33-36-;0;0;0;0;2;2000,00;52;190;291,20;1375;5574;27,80;18480;72824;4,40;102415;402294;2,50;;;;
26011;JEUDI;05/02/2026;0;07/05/2026;10;21;3;37;38;20;3;-3-10-20-21-37-38-;0;0;0;0;0;0;26;97;677,10;1313;4673;39,40;20011;69685;5,50;122154;421641;2,50;;;;
26010;LUNDI;02/02/2026;0;04/05/2026;2;7;37;24;23;32;3;-2-7-23-24-32-37-;0;0;0;0;0;0;24;101;593,40;1238;4858;34,50;18663;71019;4,90;114033;417504;2,50;;;;
26009;JEUDI;29/01/2026;0;30/04/2026;28;34;1;7;26;8;5;-1-7-8-26-28-34-;0;0;0;0;0;0;34;115;532,60;1458;4802;35,70;22539;73691;4,80;131209;436730;2,50;;;;
26008;LUNDI;26/01/2026;0;27/04/2026;15;23;34;33;28;37;3;-15-23-28-33-34-37-;0;0;0;0;0;0;32;118;541,90;1031;4386;40,80;15842;65382;5,70;94019;380182;2,50;;;;
26007;JEUDI;22/01/2026;0;23/04/2026;25;7;17;4;39;10;3;-4-7-10-17-25-39-;0;0;0;0;0;0;55;157;357,70;1841;6094;25,80;24680;79101;4,10;131187;434970;2,50;;;;
26006;LUNDI;19/01/2026;0;20/04/2026;20;32;9;24;8;40;1;-8-9-20-24-32-40-;0;0;0;0;0;0;32;114;504,80;1245;5026;32,10;17412;69262;4,80;105315;404214;2,50;;;;
26005;JEUDI;15/01/2026;0;16/04/2026;10;35;5;9;1;30;2;-1-5-9-10-30-35-;0;0;0;0;0;0;35;109;602,10;1641;5240;35,10;23705;74914;5,10;134815;432108;2,50;;;;
26004;LUNDI;12/01/2026;0;13/04/2026;15;23;31;9;18;27;1;-9-15-18-23-27-31-;0;0;0;0;0;0;52;179;324,00;1762;5918;27,40;22761;78857;4,30;122403;437971;2,50;;;;
26003;JEUDI;08/01/2026;0;09/04/2026;24;34;26;15;5;31;1;-5-15-24-26-31-34-;0;0;0;0;0;0;73;144;589,20;2704;6106;38,90;38417;88675;5,60;227207;529965;2,50;10;2000,00;K392 R105, T364 Y285, I881 U932, R697 M650, O925 R251, E335 Y543, M907 Y051, C961 P671, E787 F831, T180 U273;
26002;LUNDI;05/01/2026;0;06/04/2026;11;20;21;34;38;28;4;-11-20-21-28-34-38-;0;0;0;0;0;0;29;106;633,10;1191;4645;40,50;18251;67993;5,80;113536;410260;2,50;;;;
26001;JEUDI;01/01/2026;0;02/04/2026;24;27;14;2;20;6;2;-2-6-14-20-24-27-;0;0;0;2;2;2000,00;60;149;434,60;2112;5711;31,70;28636;78915;4,80;158667;445582;2,50;;;;
25104;LUNDI;29/12/2025;0;30/03/2026;16;24;8;5;19;39;2;-5-8-16-19-24-39-;0;0;0;0;0;0;49;158;370,20;1498;5394;30,40;19505;75478;4,50;111229;428499;2,50;;;;
25103;JEUDI;25/12/2025;0;26/03/2026;39;8;13;37;11;9;4;-8-9-11-13-37-39-;0;0;0;0;0;0;30;98;523,50;1155;4207;34,10;18175;64372;4,60;113216;395106;2,50;;;;
25102;LUNDI;22/12/2025;0;23/03/2026;34;4;11;24;35;27;5;-4-11-24-27-34-35-;0;0;0;0;1;2000,00;22;102;625,80;1180;4776;37,40;16983;68372;5,40;103007;404818;2,50;;;;
25101;JEUDI;18/12/2025;0;19/03/2026;25;27;19;10;12;21;1;-10-12-19-21-25-27-;0;0;0;2;2;2000,00;65;172;325,80;2094;6451;24,30;27624;88338;3,70;144603;477733;2,50;;;;
25100;LUNDI;15/12/2025;0;16/03/2026;8;22;31;23;39;40;4;-8-22-23-31-39-40-;0;0;0;0;0;0;27;114;517,60;1087;4615;35,80;17151;68767;5,00;107422;417348;2,50;;;;
25099;JEUDI;11/12/2025;0;12/03/2026;21;6;37;4;32;23;1;-4-6-21-23-32-37-;0;0;0;1;2;2000,00;37;123;557,20;1446;5300;36,20;21998;77475;5,20;129798;446752;2,50;;;;
25098;LUNDI;08/12/2025;0;09/03/2026;27;19;18;3;12;8;3;-3-8-12-18-19-27-;0;0;0;0;0;0;63;174;269,40;2134;6561;20,00;25283;83117;3,30;122100;424424;2,50;;;;
25097;JEUDI;04/12/2025;0;05/03/2026;14;27;32;37;38;15;3;-14-15-27-32-37-38-;0;0;0;1;1;2000,00;30;93;809,00;1186;4486;47,00;17913;67431;6,50;114123;420464;2,50;;;;
25096;LUNDI;01/12/2025;0;02/03/2026;33;23;38;19;15;12;3;-12-15-19-23-33-38-;0;0;0;5;6;2000,00;39;173;351,40;1379;5774;29,50;20000;78041;4,50;109111;426491;2,50;;;;
25095;JEUDI;27/11/2025;0;26/02/2026;30;11;33;32;20;10;4;-10-11-20-30-32-33-;0;0;0;1;1;2000,00;36;128;622,30;2144;5626;39,60;32009;84180;5,50;195302;507388;2,50;10;2000,00;F537 S252, E039 V864, D137 G634, X003 S069, W867 R935, Q082 W887, B127 S687, Q490 W583, K070 D539, S614 B333;
25094;LUNDI;24/11/2025;0;23/02/2026;22;17;25;13;36;6;4;-6-13-17-22-25-36-;0;0;0;0;0;0;24;117;500,30;1309;5147;31,80;18144;72333;4,70;105831;413162;2,50;;;;
25093;JEUDI;20/11/2025;0;19/02/2026;28;7;30;31;20;17;4;-7-17-20-28-30-31-;0;0;0;0;0;0;41;129;482,10;1635;5625;30,90;23018;77299;4,70;129390;445149;2,50;;;;
25092;LUNDI;17/11/2025;0;16/02/2026;8;28;38;4;18;13;4;-4-8-13-18-28-38-;0;0;0;1;2;2000,00;51;241;243,60;1469;6159;26,70;19879;75937;4,50;111478;426200;2,50;;;;
25091;JEUDI;13/11/2025;0;12/02/2026;18;19;32;15;7;24;2;-7-15-18-19-24-32-;0;0;0;1;2;2000,00;32;128;468,40;1624;5575;30,10;23878;82195;4,20;135389;466280;2,50;;;;
25090;LUNDI;10/11/2025;0;09/02/2026;10;1;19;8;37;21;2;-1-8-10-19-21-37-;0;0;0;0;0;0;51;201;293,70;1728;5928;27,90;22433;80569;4,30;116861;440477;2,50;;;;
25089;JEUDI;06/11/2025;0;05/02/2026;11;13;34;31;15;33;3;-11-13-15-31-33-34-;0;0;0;0;0;0;28;121;576,20;1410;5120;38,10;21951;76565;5,30;134073;466904;2,50;;;;
25088;LUNDI;03/11/2025;0;02/02/2026;12;20;10;26;2;21;2;-2-10-12-20-21-26-;0;0;0;0;0;0;49;142;451,20;1863;5941;30,20;23493;81060;4,60;125600;449671;2,50;;;;
25087;JEUDI;30/10/2025;0;29/01/2026;22;33;9;39;14;18;2;-9-14-18-22-33-39-;0;0;0;0;0;0;59;183;389,80;1796;6264;31,90;24262;83756;5,00;137194;473549;2,50;;;;
25086;LUNDI;27/10/2025;0;26/01/2026;30;19;21;23;18;35;1;-18-19-21-23-30-35-;0;0;0;0;0;0;25;120;535,30;1437;5292;34,00;21998;79571;4,70;123860;453968;2,50;;;;
25085;JEUDI;23/10/2025;0;22/01/2026;31;24;21;20;17;8;5;-8-17-20-21-24-31-;0;0;0;0;2;2000,00;43;146;474,70;1931;6123;31,70;27501;86578;4,70;155800;496042;2,50;;;;
25084;LUNDI;20/10/2025;0;19/01/2026;33;8;21;25;32;18;1;-8-18-21-25-32-33-;0;0;0;0;0;0;54;155;471,70;1717;5942;34,40;24983;82680;5,20;148527;479532;2,50;;;;
25083;JEUDI;16/10/2025;0;15/01/2026;10;34;4;1;6;38;5;-1-4-6-10-34-38-;0;0;0;0;0;0;43;111;758,70;1965;5581;42,30;30739;86445;5,70;185117;527003;2,50;;;;
25082;LUNDI;13/10/2025;0;12/01/2026;20;25;12;22;1;5;1;-1-5-12-20-22-25-;0;0;0;0;0;0;75;168;412,00;2174;6784;28,60;27667;88839;4,50;148823;493128;2,50;;;;
25081;JEUDI;09/10/2025;0;08/01/2026;1;20;4;8;3;30;3;-1-3-4-8-20-30-;0;0;0;0;0;0;65;171;474,50;2382;7097;32,00;34108;99403;4,80;190624;564313;2,50;;;;
25080;LUNDI;06/10/2025;0;05/01/2026;31;36;40;26;30;18;4;-18-26-30-31-36-40-;0;0;0;0;0;0;25;125;668,10;1393;5229;44,70;21346;78322;6,20;132658;478791;2,50;;;;
25079;JEUDI;02/10/2025;0;01/01/2026;18;7;4;22;29;19;1;-4-7-18-19-22-29-;0;0;0;1;2;2000,00;90;244;363,20;4058;10369;23,90;52436;132483;3,90;284072;721389;2,50;;;;
25078;LUNDI;29/09/2025;0;29/12/2025;10;25;35;9;40;33;2;-9-10-25-33-35-40-;0;0;0;0;1;2000,00;24;90;132,30;1062;4303;44,50;16398;65046;5,40;98692;380900;2,50;;;;
25077;JEUDI;25/09/2025;0;25/12/2025;11;30;9;14;5;28;2;-5-9-11-14-28-30-;0;0;0;1;1;2000,00;68;164;66,20;1805;5292;32,90;22921;71309;4,50;119713;391390;2,50;;;;
25076;LUNDI;22/09/2025;0;22/12/2025;9;38;2;26;5;22;5;-2-5-9-22-26-38-;0;0;0;0;0;0;41;133;80,50;1213;4374;39,30;16986;60646;5,20;97483;352287;2,50;;;;
25075;JEUDI;18/09/2025;0;18/12/2025;32;36;11;17;26;37;1;-11-17-26-32-36-37-;1;1;20000,00;0;0;0;25;88;149,30;1075;3933;53,70;16384;56861;6,90;101098;347635;2,50;;;;
25074;LUNDI;15/09/2025;0;15/12/2025;33;7;4;35;21;15;1;-4-7-15-21-33-35-;0;0;0;0;0;0;35;126;83,70;1382;5131;33,00;19276;67555;4,60;107824;374382;2,50;;;;
25073;JEUDI;11/09/2025;0;11/12/2025;17;9;19;15;1;37;2;-1-9-15-17-19-37-;0;0;0;0;1;2000,00;31;91;128,20;1381;4544;41,20;21226;68755;5,00;125191;400712;2,50;;;;
25072;LUNDI;08/09/2025;0;08/12/2025;1;11;5;31;3;20;5;-1-3-5-11-20-31-;1;2;20000,00;0;2;2000,00;27;107;102,20;1564;4861;36,10;19684;66164;4,90;105270;361922;2,50;;;;
25071;JEUDI;04/09/2025;0;04/12/2025;10;40;22;37;21;14;4;-10-14-21-22-37-40-;0;0;0;0;0;0;26;104;116,70;1264;4427;44,10;20329;66359;5,40;124825;395476;2,50;;;;
25070;LUNDI;01/09/2025;0;01/12/2025;30;22;31;6;32;33;4;-6-22-30-31-32-33-;0;0;0;0;0;0;12;80;162,80;1071;3587;58,40;16955;56673;6,80;109724;360811;2,50;;;;
25069;JEUDI;28/08/2025;0;27/11/2025;7;11;35;16;6;15;5;-6-7-11-15-16-35-;0;0;0;0;0;0;31;83;132,40;1438;4255;41,50;22896;67906;4,80;134286;409453;2,50;;;;
25068;LUNDI;25/08/2025;0;24/11/2025;6;32;19;5;35;37;1;-5-6-19-32-35-37-;0;0;0;0;0;0;15;62;191,80;982;3633;52,60;15330;55397;6,40;98386;343288;2,50;;;;
25067;JEUDI;21/08/2025;0;20/11/2025;39;16;25;29;17;4;3;-4-16-17-25-29-39-;0;0;0;0;1;2000,00;40;116;109,30;1366;4343;46,90;20653;64129;5,90;123490;383182;2,50;;;;
25066;LUNDI;18/08/2025;0;17/11/2025;1;33;40;35;31;36;4;-1-31-33-35-36-40-;0;0;0;0;0;0;25;84;151,80;813;3177;64,50;12439;48112;7,90;84011;307057;2,50;;;;
25065;JEUDI;14/08/2025;0;13/11/2025;32;22;14;15;21;38;1;-14-15-21-22-32-38-;0;0;0;0;1;2000,00;22;90;145,50;1238;4017;52,40;19215;64398;6,00;121751;388033;2,50;;;;
25064;LUNDI;11/08/2025;0;10/11/2025;20;11;27;38;10;15;3;-10-11-15-20-27-38-;0;0;0;0;1;2000,00;35;109;103,00;1276;4354;41,40;19302;63581;5,20;113226;370978;2,50;;;;
25063;JEUDI;07/08/2025;0;06/11/2025;23;28;33;34;14;3;1;-3-14-23-28-33-34-;0;0;0;0;0;0;32;116;108,30;1457;4738;42,60;20361;67570;5,50;123119;398334;2,50;;;;
25062;LUNDI;04/08/2025;0;03/11/2025;2;8;14;15;17;13;5;-2-8-13-14-15-17-;0;0;0;0;1;2000,00;19;77;135,60;1381;4361;38,50;21359;67334;4,60;124594;396142;2,50;;;;
25061;JEUDI;31/07/2025;0;30/10/2025;34;19;15;37;4;23;5;-4-15-19-23-34-37-;0;0;0;0;0;0;45;143;86,50;1551;5194;38,20;20905;68818;5,30;121377;388028;2,50;;;;
25060;LUNDI;28/07/2025;0;27/10/2025;40;26;4;25;38;19;3;-4-19-25-26-38-40-;0;0;0;0;0;0;25;120;93,00;1168;4239;42,30;16885;60223;5,50;101247;357614;2,50;;;;
25059;JEUDI;24/07/2025;0;23/10/2025;38;1;2;5;6;15;1;-1-2-5-6-15-38-;0;0;0;0;0;0;57;120;135,50;2555;5536;47,20;37838;80062;6,00;232692;492967;2,50;10;2000,00;L668 F991, J089 S507, X002 T840, I209 M884, G134 T138, W987 I499, S402 P460, E548 S732, E414 Y452, A562 Q488;
25058;LUNDI;21/07/2025;0;20/10/2025;31;8;3;4;11;26;1;-3-4-8-11-26-31-;0;0;0;0;0;0;40;126;79,90;1587;5163;31,30;20290;66505;4,50;108770;373626;2,50;;;;
25057;JEUDI;17/07/2025;0;16/10/2025;28;4;10;29;26;12;4;-4-10-12-26-28-29-;0;0;0;0;1;2000,00;46;141;81,80;1691;4939;37,50;22526;68606;5,00;124088;389478;2,50;;;;
25056;LUNDI;14/07/2025;0;13/10/2025;20;37;21;6;12;33;4;-6-12-20-21-33-37-;0;0;0;0;0;0;20;116;95,00;1041;4013;44,10;14847;57923;5,60;87878;345507;2,50;;;;
25055;JEUDI;10/07/2025;0;09/10/2025;8;4;3;11;2;29;2;-2-3-4-8-11-29-;0;0;0;0;0;0;36;107;103,70;1788;5369;33,20;23397;73142;4,50;128801;409981;2,50;;;;
25054;LUNDI;07/07/2025;0;06/10/2025;24;14;8;29;26;17;3;-8-14-17-24-26-29-;0;1;20000,00;0;0;0;45;146;74,80;1533;5113;34,30;19758;66653;4,80;108376;372667;2,50;;;;
25053;JEUDI;03/07/2025;0;02/10/2025;40;30;4;35;16;3;4;-3-4-16-30-35-40-;0;0;0;0;0;0;28;89;137,30;1108;4036;48,60;18043;61786;5,90;111457;377681;2,50;;;;
25052;LUNDI;30/06/2025;0;29/09/2025;1;22;39;37;7;31;5;-1-7-22-31-37-39-;0;0;0;1;2;2000,00;17;78;146,00;996;3892;47,00;15490;58794;5,70;91158;347349;2,50;;;;
25051;JEUDI;26/06/2025;0;25/09/2025;4;22;35;19;7;24;5;-4-7-19-22-24-35-;0;0;0;1;3;2000,00;53;145;73,60;1815;5586;30,70;24235;75215;4,20;132460;414733;2,50;;;;
25050;LUNDI;23/06/2025;0;22/09/2025;28;22;32;37;8;19;2;-8-19-22-28-32-37-;0;1;20000,00;0;0;0;25;117;94,70;1144;4383;40,60;16725;61117;5,40;97196;349780;2,50;;;;
25049;JEUDI;19/06/2025;0;18/09/2025;28;9;25;24;8;2;1;-2-8-9-24-25-28-;0;0;0;0;0;0;50;143;80,20;1784;5260;35,00;24116;73161;4,60;134811;414154;2,50;;;;
25048;LUNDI;16/06/2025;0;15/09/2025;17;29;35;30;23;6;3;-6-17-23-29-30-35-;0;0;0;0;1;2000,00;46;137;87,10;1433;4769;40,20;18888;66129;5,30;107145;377207;2,50;;;;
25047;JEUDI;12/06/2025;0;11/09/2025;25;12;6;27;35;29;2;-6-12-25-27-29-35-;0;0;0;0;0;0;46;124;100,00;1547;4973;40,10;21405;69561;5,30;120558;403336;2,50;;;;
25046;LUNDI;09/06/2025;0;08/09/2025;6;28;3;8;2;23;2;-2-3-6-8-23-28-;0;0;0;0;1;2000,00;43;145;68,80;1472;5066;31,60;19892;69759;4,20;108540;390619;2,50;;;;
25045;JEUDI;05/06/2025;0;04/09/2025;19;17;31;10;32;28;3;-10-17-19-28-31-32-;0;0;0;1;1;2000,00;36;111;118,00;1403;4740;44,40;20499;69244;5,60;122701;411238;2,50;;;;
25044;LUNDI;02/06/2025;0;01/09/2025;18;8;29;15;11;32;5;-8-11-15-18-29-32-;0;1;20000,00;0;1;2000,00;27;137;84,00;1241;4832;38,20;18137;67286;5,10;103295;382893;2,50;;;;
25043;JEUDI;29/05/2025;0;28/08/2025;22;19;32;16;21;18;5;-16-18-19-21-22-32-;1;1;20000,00;0;0;0;17;79;151,40;1133;3941;48,70;17769;62423;5,70;114238;390719;2,50;;;;
25042;LUNDI;26/05/2025;0;25/08/2025;17;18;25;35;21;2;2;-2-17-18-21-25-35-;0;0;0;0;1;2000,00;14;99;119,20;1094;4220;44,90;16103;61995;5,60;98665;371697;2,50;;;;
25041;JEUDI;22/05/2025;0;21/08/2025;36;5;15;1;31;26;4;-1-5-15-26-31-36-;0;0;0;0;0;0;32;80;166,90;1272;4159;51,60;18760;60919;6,50;114617;372329;2,50;;;;
25040;LUNDI;19/05/2025;0;18/08/2025;26;38;35;8;32;15;2;-8-15-26-32-35-38-;0;0;0;0;0;0;35;101;129,10;1078;4085;51,30;14848;56804;6,80;88952;337862;2,50;;;;
25039;JEUDI;15/05/2025;0;14/08/2025;37;26;15;32;24;11;2;-11-15-24-26-32-37-;0;0;0;0;0;0;26;92;144,30;1370;4392;48,50;19436;62846;6,30;119636;379594;2,50;;;;
25038;LUNDI;12/05/2025;0;11/08/2025;19;4;21;25;37;15;2;-4-15-19-21-25-37-;0;0;0;1;1;2000,00;29;127;90,20;1291;4597;40,00;19184;65953;5,10;112801;382107;2,50;;;;
25037;JEUDI;08/05/2025;0;07/08/2025;1;8;39;38;17;35;2;-1-8-17-35-38-39-;0;0;0;0;0;0;32;99;143,30;1133;3853;59,20;18406;62026;6,80;117913;379535;2,50;;;;
25036;LUNDI;05/05/2025;0;04/08/2025;32;39;10;25;19;23;1;-10-19-23-25-32-39-;0;0;0;0;0;0;37;118;102,50;1434;4830;40,20;19117;66294;5,40;111320;383860;2,50;;;;
25035;JEUDI;01/05/2025;0;31/07/2025;12;23;38;19;5;33;3;-5-12-19-23-33-38-;1;3;20000,00;0;0;0;38;134;81,20;1558;5214;33,50;20142;67103;4,80;116861;377829;2,50;;;;
25034;LUNDI;28/04/2025;0;28/07/2025;28;20;38;12;25;30;1;-12-20-25-28-30-38-;0;0;0;0;0;0;38;103;102,90;1168;3544;48,00;17655;53966;5,80;105003;316616;2,50;;;;
25033;JEUDI;24/04/2025;0;24/07/2025;23;33;3;19;4;36;1;-3-4-19-23-33-36-;0;0;0;0;1;2000,00;28;103;117,20;1305;4648;41,70;20738;69535;5,10;128406;409550;2,50;;;;
25032;LUNDI;21/04/2025;0;21/07/2025;33;38;39;4;27;34;2;-4-27-33-34-38-39-;0;0;0;0;0;0;14;65;181,60;832;3063;61,90;13323;48604;7,20;86496;303415;2,50;;;;
25031;JEUDI;17/04/2025;0;17/07/2025;30;23;32;10;14;2;2;-2-10-14-23-30-32-;0;0;0;0;1;2000,00;40;132;99,00;1634;5041;41,60;23014;69742;5,60;133026;403187;2,50;;;;
25030;LUNDI;14/04/2025;0;14/07/2025;4;36;30;21;11;15;3;-4-11-15-21-30-36-;0;1;20000,00;0;1;2000,00;32;127;94,50;1485;4740;40,70;20402;65280;5,40;117576;380979;2,50;;;;
25029;JEUDI;10/04/2025;0;10/07/2025;22;34;33;14;39;7;5;-7-14-22-33-34-39-;0;0;0;0;1;2000,00;56;191;71,40;1872;5753;38,10;24751;75429;5,40;143079;425774;2,50;;;;
25028;LUNDI;07/04/2025;0;07/07/2025;24;23;21;4;9;34;4;-4-9-21-23-24-34-;0;0;0;0;1;2000,00;46;136;87,30;1634;5014;38,00;25050;74873;4,70;137971;423912;2,50;;;;
25027;JEUDI;03/04/2025;0;03/07/2025;32;33;13;7;16;22;5;-7-13-16-22-32-33-;0;0;0;1;2;2000,00;76;174;76,20;2409;6762;31,50;29601;86832;4,50;163520;472281;2,50;;;;
25026;LUNDI;31/03/2025;0;30/06/2025;21;27;35;2;38;40;4;-2-21-27-35-38-40-;0;0;0;0;0;0;32;121;119,90;1380;4721;49,40;21146;69984;6,10;130653;422439;2,50;;;;
25025;JEUDI;27/03/2025;0;26/06/2025;9;37;23;39;29;11;1;-9-11-23-29-37-39-;0;0;0;0;0;0;103;201;97,40;4042;7781;40,40;57438;108367;5,40;338089;630420;2,50;10;2000,00;V503 I576, P276 X923, F888 O720, W890 V978, T224 E998, D205 A777, D765 F527, C629 B697, S184 K846, Q536 N569;
25024;LUNDI;24/03/2025;0;23/06/2025;3;28;26;37;11;27;1;-3-11-26-27-28-37-;0;0;0;0;0;0;36;98;124,80;1323;4390;44,70;21216;68187;5,30;130807;411789;2,50;;;;
25023;JEUDI;20/03/2025;0;19/06/2025;37;25;23;40;38;16;5;-16-23-25-37-38-40-;0;0;0;0;1;2000,00;29;96;149,60;1447;4502;51,20;20783;67769;6,30;131971;416617;2,50;;;;
25022;LUNDI;17/03/2025;0;16/06/2025;35;19;20;17;37;23;3;-17-19-20-23-35-37-;0;0;0;0;0;0;33;93;137,10;1186;4394;46,60;17866;65008;5,80;112756;390780;2,50;;;;
25021;JEUDI;13/03/2025;0;12/06/2025;24;29;18;13;16;30;5;-13-16-18-24-29-30-;0;1;20000,00;0;0;0;47;135;92,20;1911;5503;36,30;25834;77435;4,80;144014;442703;2,50;;;;
25020;LUNDI;10/03/2025;0;09/06/2025;28;1;15;26;21;24;3;-1-15-21-24-26-28-;0;0;0;0;0;0;34;122;102,10;1204;4416;45,30;19524;67642;5,50;114089;402334;2,50;;;;
25019;JEUDI;06/03/2025;0;05/06/2025;8;25;2;18;16;1;2;-1-2-8-16-18-25-;0;0;0;0;1;2000,00;55;155;81,50;1579;5169;39,20;22553;73301;5,10;128672;419147;2,50;;;;
25018;LUNDI;03/03/2025;0;02/06/2025;29;30;12;3;36;10;1;-3-10-12-29-30-36-;0;0;0;0;0;0;37;120;101,30;1332;4664;41,90;19544;67658;5,30;112517;393536;2,50;;;;
25017;JEUDI;27/02/2025;0;29/05/2025;34;32;27;30;35;16;1;-16-27-30-32-34-35-;0;0;0;0;0;0;26;95;159,60;1066;3710;65,70;17226;59380;7,60;110663;378772;2,50;;;;
25016;LUNDI;24/02/2025;0;26/05/2025;37;32;28;15;16;19;1;-15-16-19-28-32-37-;0;0;0;0;1;2000,00;19;83;156,50;894;3917;53,30;14476;58410;6,60;94924;359296;2,50;;;;
25015;JEUDI;20/02/2025;0;22/05/2025;36;4;8;9;18;24;3;-4-8-9-18-24-36-;0;1;20000,00;0;1;2000,00;46;147;82,70;1763;5433;35,90;23569;74879;4,80;130682;419075;2,50;;;;
25014;LUNDI;17/02/2025;0;19/05/2025;36;22;37;33;11;10;5;-10-11-22-33-36-37-;0;0;0;0;0;0;18;101;129,10;1009;3953;53,00;16167;61348;6,30;103076;377310;2,50;;;;
25013;JEUDI;13/02/2025;0;15/05/2025;7;35;39;37;16;5;5;-5-7-16-35-37-39-;0;0;0;0;0;0;26;89;153,50;1214;4225;51,90;18998;65559;6,20;121464;403742;2,50;;;;
25012;LUNDI;10/02/2025;0;12/05/2025;29;11;38;26;9;36;5;-9-11-26-29-36-38-;0;0;0;0;0;0;32;119;113,10;1193;4261;50,70;18665;63530;6,30;112027;384700;2,50;;;;
25011;JEUDI;06/02/2025;0;08/05/2025;34;20;5;27;23;2;4;-2-5-20-23-27-34-;0;0;0;0;0;0;41;142;95,80;1629;5377;40,70;23685;76865;5,20;141096;450802;2,50;;;;
25010;LUNDI;03/02/2025;0;05/05/2025;17;9;21;38;40;11;2;-9-11-17-21-38-40-;0;1;20000,00;0;1;2000,00;34;108;110,10;1386;5186;36,80;20307;72969;4,80;117902;420173;2,50;;;;
25009;JEUDI;30/01/2025;0;01/05/2025;20;28;40;9;38;35;1;-9-20-28-35-38-40-;0;0;0;0;0;0;31;103;136,70;1249;4283;52,80;19231;65951;6,30;119508;396408;2,50;;;;
25008;LUNDI;27/01/2025;;28/04/2025;26;18;5;30;1;23;4;-1-5-18-23-26-30-;0;0;0;0;0;0;32;127;93,10;1422;5111;37,20;19652;69448;5,00;111733;400090;2,50;;;;
25007;JEUDI;23/01/2025;;24/04/2025;25;24;7;12;37;20;2;-7-12-20-24-25-37-;0;0;0;0;2;2000,00;35;120;97,80;1636;5267;35,80;23572;75395;4,60;131918;432761;2,50;;;;
25006;LUNDI;20/01/2025;;21/04/2025;36;16;4;18;2;7;3;-2-4-7-16-18-36-;0;0;0;0;0;0;25;110;108,70;1321;4641;41,40;19637;68533;5,20;112926;400050;2,50;;;;
25005;JEUDI;16/01/2025;;17/04/2025;38;5;14;11;2;22;4;-2-5-11-14-22-38-;0;0;0;0;1;2000,00;49;151;87,70;1797;5549;38,30;23743;75789;5,20;133602;428880;2,50;;;;
25004;LUNDI;13/01/2025;;14/04/2025;10;34;40;12;18;19;2;-10-12-18-19-34-40-;0;0;0;0;1;2000,00;34;105;115,00;1594;5120;37,90;20970;72210;4,90;122604;422518;2,50;;;;
25003;JEUDI;09/01/2025;;10/04/2025;28;5;22;40;19;38;3;-5-19-22-28-38-40-;0;0;0;0;0;0;32;146;92,60;1578;5530;39,30;23224;77540;5,20;135504;443202;2,50;;;;
25002;LUNDI;06/01/2025;;07/04/2025;18;34;4;17;37;23;5;-4-17-18-23-34-37-;0;0;0;0;0;0;22;92;135,60;1260;4336;46,20;19171;62749;5,90;118071;372623;2,50;;;;
25001;JEUDI;02/01/2025;;03/04/2025;18;4;16;10;39;33;2;-4-10-16-18-33-39-;0;0;0;1;1;2000,00;38;116;118,40;1590;4844;45,60;23632;69897;5,80;139706;414109;2,50;;;;
24105;LUNDI;30/12/2024;;31/03/2025;15;21;8;31;24;40;3;-8-15-21-24-31-40-;0;0;0;0;1;2000,00;56;167;72,70;1752;5841;33,40;23002;79366;4,50;124691;436422;2,50;;;;
24104;JEUDI;26/12/2024;;27/03/2025;11;7;2;38;34;21;4;-2-7-11-21-34-38-;0;0;0;0;0;0;55;125;93,90;1679;5001;37,70;24174;69578;5,00;138480;396398;2,50;;;;
24103;LUNDI;23/12/2024;;24/03/2025;37;30;9;13;2;16;5;-2-9-13-16-30-37-;0;0;0;0;0;0;35;160;81,30;1397;4844;43,10;20167;70334;5,50;119524;418684;2,50;;;;
24102;JEUDI;19/12/2024;;20/03/2025;7;10;32;6;16;3;3;-3-6-7-10-16-32-;0;0;0;0;0;0;49;137;89,20;1794;5323;36,90;27251;80130;4,50;153882;462624;2,50;;;;
24101;LUNDI;16/12/2024;;17/03/2025;30;15;24;23;34;7;2;-7-15-23-24-30-34-;0;0;0;0;0;0;28;108;110,30;1638;5359;35,70;24575;77070;4,60;136674;437902;2,50;;;;
24100;JEUDI;12/12/2024;;13/03/2025;24;5;27;3;21;30;1;-3-5-21-24-27-30-;0;0;0;1;2;2000,00;50;134;90,00;2082;6187;31,30;28122;85225;4,20;148264;462967;2,50;;;;
24099;LUNDI;09/12/2024;;10/03/2025;23;16;35;17;10;26;3;-10-16-17-23-26-35-;0;0;0;1;1;2000,00;42;127;99,30;1615;4850;41,80;21732;68568;5,40;123655;398218;2,50;;;;
24098;JEUDI;05/12/2024;;06/03/2025;34;30;3;7;4;21;2;-3-4-7-21-30-34-;0;0;0;0;0;0;45;147;86,60;1949;5701;35,90;27078;80857;4,70;155552;466511;2,50;;;;
24097;LUNDI;02/12/2024;;03/03/2025;19;36;1;7;25;14;2;-1-7-14-19-25-36-;0;1;20000,00;0;0;0;42;139;88,50;1649;5587;35,40;22301;72523;5,00;127207;416447;2,50;;;;
24096;JEUDI;28/11/2024;;27/02/2025;28;37;4;32;12;5;1;-4-5-12-28-32-37-;0;0;0;0;0;0;39;116;128,60;1519;4927;48,60;23437;71977;6,10;145277;437074;2,50;;;;
24095;LUNDI;25/11/2024;;24/02/2025;10;23;11;26;7;1;1;-1-7-10-11-23-26-;0;0;0;0;1;2000,00;75;186;58,50;2475;6890;25,40;28923;86267;3,70;141229;450186;2,50;;;;
24094;JEUDI;21/11/2024;;20/02/2025;21;14;39;36;12;15;5;-12-14-15-21-36-39-;1;1;20000,00;0;0;0;23;86;164,00;1349;4370;51,90;20672;67128;6,20;128643;412026;2,50;;;;
24093;LUNDI;18/11/2024;;17/02/2025;13;21;33;22;28;8;4;-8-13-21-22-28-33-;0;0;0;0;0;0;35;161;68,40;1761;6021;29,40;23397;80230;4,10;127719;431112;2,50;;;;
24092;JEUDI;14/11/2024;;13/02/2025;19;34;20;22;37;18;2;-18-19-20-22-34-37-;0;0;0;0;0;0;22;88;166,90;1277;4349;54,20;20821;66946;6,50;138974;423318;2,50;;;;
24091;LUNDI;11/11/2024;;10/02/2025;29;5;35;24;26;7;1;-5-7-24-26-29-35-;0;0;0;0;0;0;35;101;119,60;1380;4826;40,20;21073;70577;5,10;120037;417945;2,50;;;;
24090;JEUDI;07/11/2024;;06/02/2025;34;4;17;15;21;25;1;-4-15-17-21-25-34-;0;1;20000,00;0;0;0;41;126;113,30;1775;5198;44,10;25943;75453;5,60;155628;448505;2,50;;;;
24089;LUNDI;04/11/2024;;03/02/2025;37;33;18;34;16;30;1;-16-18-30-33-34-37-;0;0;0;0;0;0;20;71;202,10;1030;3547;65,00;16209;55963;7,60;109093;358502;2,50;;;;
24088;JEUDI;31/10/2024;;30/01/2025;6;29;9;1;30;8;4;-1-6-8-9-29-30-;0;0;0;0;0;0;62;162;81,90;2030;6041;35,30;26565;82250;4,80;144404;464214;2,50;;;;
24087;LUNDI;28/10/2024;;27/01/2025;7;27;15;33;8;13;5;-7-8-13-15-27-33-;0;0;0;0;1;2000,00;65;208;48,10;2175;7092;22,60;27540;87824;3,40;139512;448364;2,50;;;;
24086;JEUDI;24/10/2024;;23/01/2025;20;34;26;7;3;6;5;-3-6-7-20-26-34-;0;0;0;0;0;0;49;124;103,10;1877;5355;38,30;27142;77459;4,90;158487;457873;2,50;;;;
24085;LUNDI;21/10/2024;;20/01/2025;7;36;31;9;14;38;4;-7-9-14-31-36-38-;0;0;0;0;0;0;34;96;137,10;1487;4448;47,50;22292;68180;5,70;133792;414964;2,50;;;;
24084;JEUDI;17/10/2024;;16/01/2025;37;33;6;22;26;15;1;-6-15-22-26-33-37-;0;0;0;0;1;2000,00;49;158;97,10;2029;5658;43,60;27971;78982;5,80;163834;460907;2,50;;;;
24083;LUNDI;14/10/2024;;13/01/2025;37;17;3;31;12;10;3;-3-10-12-17-31-37-;0;0;0;0;1;2000,00;38;126;105,00;1973;5670;37,50;26151;78428;5,00;147762;448739;2,50;;;;
24082;JEUDI;10/10/2024;;09/01/2025;8;34;27;9;15;30;3;-8-9-15-27-30-34-;0;0;0;0;0;0;50;124;115,60;2238;5684;40,50;30882;82640;5,10;176202;484453;2,50;;;;
24081;LUNDI;07/10/2024;;06/01/2025;24;34;40;4;14;28;4;-4-14-24-28-34-40-;1;1;20000,00;0;1;2000,00;66;325;43,50;1884;5919;38,40;23938;75910;5,50;138586;432662;2,50;;;;
24080;JEUDI;03/10/2024;;02/01/2025;6;38;24;14;40;3;5;-3-6-14-24-38-40-;0;0;0;0;0;0;32;133;103,40;1873;5755;38,40;27060;81009;5,00;158825;472513;2,50;;;;
24079;LUNDI;30/09/2024;;30/12/2024;14;28;5;21;15;24;3;-5-14-15-21-24-28-;0;0;0;0;0;0;31;118;105,20;1754;5562;35,80;23166;76507;4,80;129281;431234;2,50;;;;
24078;JEUDI;26/09/2024;;26/12/2024;9;31;39;32;21;19;2;-9-19-21-31-32-39-;0;0;0;0;0;0;36;113;125,20;1533;5083;44,70;22218;73214;5,70;133397;427934;2,50;;;;
24077;LUNDI;23/09/2024;;23/12/2024;9;13;11;32;34;31;5;-9-11-13-31-32-34-;0;0;0;0;0;0;28;107;120,20;1269;4220;49,00;19193;65718;5,80;119975;407573;2,50;;;;
24076;JEUDI;19/09/2024;;19/12/2024;3;25;30;27;35;1;3;-1-3-25-27-30-35-;0;0;0;0;1;2000,00;42;128;112,80;1610;4776;48,50;25432;74790;5,70;158240;456887;2,50;;;;
24075;LUNDI;16/09/2024;;16/12/2024;28;18;32;21;31;12;1;-12-18-21-28-31-32-;0;0;0;0;0;0;26;93;148,20;1378;4803;46,10;22478;72762;5,60;133838;425581;2,50;;;;
24074;JEUDI;12/09/2024;;12/12/2024;27;31;39;16;38;34;1;-16-27-31-34-38-39-;0;0;0;0;0;0;26;95;171,80;1263;4292;61,10;19136;65500;7,40;122110;405342;2,50;;;;
24073;LUNDI;09/09/2024;;09/12/2024;6;27;18;3;22;9;3;-3-6-9-18-22-27-;0;0;0;2;3;2000,00;118;330;34,70;2784;8074;22,80;31382;92298;3,70;155051;475097;2,50;;;;
24072;JEUDI;05/09/2024;;05/12/2024;19;24;31;40;32;8;2;-8-19-24-31-32-40-;0;0;0;0;1;2000,00;33;148;92,90;1582;5479;40,30;23742;78074;5,20;141005;453654;2,50;;;;
24071;LUNDI;02/09/2024;;02/12/2024;3;33;36;20;24;27;3;-3-20-24-27-33-36-;0;0;0;0;0;0;33;145;93,20;1375;5020;43,30;20065;71518;5,60;122343;423593;2,50;;;;
24070;JEUDI;29/08/2024;;28/11/2024;3;22;24;36;4;14;4;-3-4-14-22-24-36-;1;1;20000,00;0;0;0;28;98;138,10;1457;4859;44,70;22574;74195;5,40;139714;446142;2,50;;;;
24069;LUNDI;26/08/2024;;25/11/2024;12;32;30;8;5;6;5;-5-6-8-12-30-32-;0;0;0;0;0;0;30;118;105,20;1518;4865;41,00;23078;74144;5,00;127845;427327;2,50;;;;
24068;JEUDI;22/08/2024;;21/11/2024;1;26;28;11;40;16;5;-1-11-16-26-28-40-;0;1;20000,00;0;0;0;33;121;112,40;1625;5252;41,60;22510;73568;5,50;131435;431588;2,50;;;;
24067;LUNDI;19/08/2024;;18/11/2024;14;33;6;11;17;28;5;-6-11-14-17-28-33-;0;0;0;0;0;0;45;148;82,00;1543;5481;35,60;21310;73445;4,90;119549;417719;2,50;;;;
24066;JEUDI;15/08/2024;;14/11/2024;34;6;40;38;14;20;3;-6-14-20-34-38-40-;0;0;0;0;0;0;28;94;154,40;1382;4193;55,60;20372;63370;6,80;129059;387588;2,50;;;;
24065;LUNDI;12/08/2024;;11/11/2024;25;13;10;28;22;19;2;-10-13-19-22-25-28-;0;0;0;0;0;0;61;192;54,90;2059;6339;26,70;25596;82268;3,80;132040;436480;2,50;;;;
24064;JEUDI;08/08/2024;;07/11/2024;17;8;2;9;22;21;2;-2-8-9-17-21-22-;0;0;0;0;1;2000,00;44;150;78,70;2090;5974;31,70;28959;84961;4,10;160069;477993;2,50;;;;
24063;LUNDI;05/08/2024;;04/11/2024;10;16;38;31;3;13;5;-3-10-13-16-31-38-;0;0;0;0;0;0;44;134;91,30;1599;5083;38,70;22336;71236;5,10;128695;414478;2,50;;;;
24062;JEUDI;01/08/2024;;31/10/2024;6;1;27;23;34;33;5;-1-6-23-27-33-34-;0;0;0;0;0;0;43;98;141,60;1530;4658;47,90;24228;72999;5,60;150715;445091;2,50;;;;
24061;LUNDI;29/07/2024;;28/10/2024;1;19;5;25;9;22;3;-1-5-9-19-22-25-;0;0;0;0;0;0;49;158;71,70;1982;6054;30,00;24061;77904;4,30;126266;420686;2,50;;;;
24060;JEUDI;25/07/2024;;24/10/2024;27;30;3;18;37;16;4;-3-16-18-27-30-37-;0;0;0;0;1;2000,00;30;134;100,50;1527;5156;41,90;21126;71511;5,60;123165;414442;2,50;;;;
24059;LUNDI;22/07/2024;;21/10/2024;21;18;3;24;19;12;4;-3-12-18-19-21-24-;0;0;0;2;2;2000,00;50;157;67,30;1790;5836;29,10;23869;79487;3,90;126593;430226;2,50;;;;
24058;JEUDI;18/07/2024;;17/10/2024;22;28;38;40;8;31;1;-8-22-28-31-38-40-;0;0;0;0;2;2000,00;46;134;107,10;1660;5363;43,00;23856;74718;5,70;141359;433570;2,50;;;;
24057;LUNDI;15/07/2024;;14/10/2024;21;23;40;28;15;19;3;-15-19-21-23-28-40-;0;0;0;1;1;2000,00;33;109;104,40;1468;5232;34,90;21586;77088;4,40;125562;435683;2,50;;;;
24056;JEUDI;11/07/2024;;10/10/2024;20;5;30;24;19;28;4;-5-19-20-24-28-30-;0;0;0;0;0;0;43;109;123,40;1789;5473;39,50;25277;78522;5,10;145092;455767;2,50;;;;
24055;LUNDI;08/07/2024;;07/10/2024;13;40;36;21;3;26;3;-3-13-21-26-36-40-;0;0;0;0;1;2000,00;30;142;88,40;1409;5369;37,50;20693;75156;4,90;122576;432488;2,50;;;;
24054;JEUDI;04/07/2024;;03/10/2024;27;4;23;8;33;22;3;-4-8-22-23-27-33-;0;0;0;0;0;0;42;128;100,00;1860;6258;32,90;26531;87453;4,30;151078;489918;2,50;;;;
24053;LUNDI;01/07/2024;;30/09/2024;12;38;4;8;20;11;2;-4-8-11-12-20-38-;0;0;0;0;0;0;41;135;97,80;1792;5680;37,30;23981;77494;5,00;133523;438598;2,50;;;;
24052;JEUDI;27/06/2024;;26/09/2024;13;37;18;27;9;15;2;-9-13-15-18-27-37-;0;0;0;0;1;2000,00;43;141;96,20;2361;6801;32,00;30931;90550;4,40;171708;501955;2,50;;;;
24051;LUNDI;24/06/2024;;23/09/2024;23;30;5;13;16;20;5;-5-13-16-20-23-30-;0;0;0;0;0;0;41;153;74,70;1888;5935;30,90;24421;78903;4,30;132528;435475;2,50;;;;
24050;JEUDI;20/06/2024;;19/09/2024;19;2;7;1;21;13;5;-1-2-7-13-19-21-;0;0;0;0;1;2000,00;57;206;56,70;2705;7689;24,40;32993;97325;3,50;166540;504951;2,50;;;;
24049;LUNDI;17/06/2024;;16/09/2024;14;16;32;22;19;23;4;-14-16-19-22-23-32-;0;0;0;0;1;2000,00;36;118;113,40;1427;5274;40,70;21695;74922;5,30;131313;439661;2,50;;;;
24048;JEUDI;13/06/2024;;12/09/2024;27;22;21;23;19;17;1;-17-19-21-22-23-27-;0;1;20000,00;0;1;2000,00;48;145;89,50;1866;5966;34,90;27352;85310;4,50;167727;507865;2,50;;;;
24047;LUNDI;10/06/2024;;09/09/2024;27;33;31;4;40;7;3;-4-7-27-31-33-40-;0;0;0;0;0;0;44;127;100,70;1808;5622;36,60;25731;81259;4,70;147098;459212;2,50;;;;
24046;JEUDI;06/06/2024;;05/09/2024;31;28;15;29;24;12;1;-12-15-24-28-29-31-;0;0;0;0;0;0;43;133;112,20;2026;5847;41,00;28367;83128;5,30;167002;489286;2,50;;;;
24045;LUNDI;03/06/2024;;02/09/2024;22;1;38;3;11;34;4;-1-3-11-22-34-38-;0;0;0;0;0;0;40;137;111,70;1637;5192;47,30;23690;75196;6,00;140686;446308;2,50;;;;
24044;JEUDI;30/05/2024;;29/08/2024;17;11;4;39;24;10;5;-4-10-11-17-24-39-;0;0;0;0;1;2000,00;62;158;90,60;2226;6230;36,90;31613;89190;4,70;177882;508794;2,50;;;;
24043;LUNDI;27/05/2024;;26/08/2024;23;15;7;2;24;14;3;-2-7-14-15-23-24-;0;0;0;0;2;2000,00;62;196;60,60;2484;7023;27,10;30668;92654;3,80;154250;484437;2,50;;;;
24042;JEUDI;23/05/2024;;22/08/2024;8;14;7;31;23;13;1;-7-8-13-14-23-31-;0;0;0;1;1;2000,00;73;176;67,30;3040;8032;23,70;36519;102876;3,40;185330;539931;2,50;;;;
24041;LUNDI;20/05/2024;;19/08/2024;21;14;3;15;29;23;4;-3-14-15-21-23-29-;0;0;0;1;1;2000,00;38;111;110,30;1831;5739;34,30;24627;79149;4,60;139368;445835;2,50;;;;
24040;JEUDI;16/05/2024;;15/08/2024;18;23;14;8;24;9;3;-8-9-14-18-23-24-;0;0;0;0;1;2000,00;52;148;91,70;2513;6735;32,40;34216;94466;4,20;189183;534378;2,50;;;;
24039;LUNDI;13/05/2024;;12/08/2024;23;24;20;37;9;39;1;-9-20-23-24-37-39-;0;0;0;0;0;0;27;86;171,90;1410;4724;50,30;22829;73869;5,90;144210;452045;2,50;;;;
24038;JEUDI;09/05/2024;;08/08/2024;13;14;6;7;33;24;1;-6-7-13-14-24-33-;0;0;0;0;2;2000,00;59;176;73,80;2540;7176;29,10;35208;98508;3,90;190329;535082;2,50;;;;
24037;LUNDI;06/05/2024;;05/08/2024;27;32;17;39;7;26;3;-7-17-26-27-32-39-;0;0;0;0;0;0;53;144;105,50;1969;5912;41,30;29118;86006;5,20;173563;494205;2,50;;;;
24036;JEUDI;02/05/2024;;01/08/2024;10;30;16;26;17;4;1;-4-10-16-17-26-30-;0;0;0;0;0;0;68;154;104,30;2677;6748;38,20;34681;91670;5,20;190814;522293;2,50;;;;
24035;LUNDI;29/04/2024;;29/07/2024;40;36;29;23;1;17;3;-1-17-23-29-36-40-;0;0;0;0;1;2000,00;56;164;94,90;1743;5632;44,40;25402;79626;5,80;154411;471559;2,50;;;;
24034;JEUDI;25/04/2024;;25/07/2024;24;23;25;19;16;2;1;-2-16-19-23-24-25-;0;0;0;1;1;2000,00;39;135;109,40;2094;5908;40,10;31159;87820;5,00;183449;515726;2,50;;;;
24033;LUNDI;22/04/2024;;22/07/2024;23;39;24;31;32;6;1;-6-23-24-31-32-39-;0;0;0;1;2;2000,00;40;111;137,70;1309;4645;52,90;21981;71846;6,30;139983;441312;2,50;;;;
24032;JEUDI;18/04/2024;;18/07/2024;13;28;18;4;30;16;2;-4-13-16-18-28-30-;0;0;0;0;1;2000,00;72;176;84,10;2361;6478;36,70;31389;90308;4,80;175862;512830;2,50;;;;
24031;LUNDI;15/04/2024;;15/07/2024;33;17;13;2;26;37;5;-2-13-17-26-33-37-;0;0;0;1;3;2000,00;41;166;86,40;1656;6037;38,20;23768;80870;5,30;140303;462486;2,50;;;;
24030;JEUDI;11/04/2024;;11/07/2024;17;35;37;19;22;30;1;-17-19-22-30-35-37-;0;0;0;0;0;0;48;126;135,00;1936;5593;48,80;29174;84081;6,00;175804;501590;2,50;;;;
24029;LUNDI;08/04/2024;;08/07/2024;36;39;28;3;24;13;4;-3-13-24-28-36-39-;0;0;0;1;1;2000,00;45;169;91,30;1767;5817;42,60;25430;81917;5,60;153727;479035;2,50;;;;
24028;JEUDI;04/04/2024;;04/07/2024;31;10;20;14;9;12;5;-9-10-12-14-20-31-;1;1;20000,00;0;0;0;55;147;104,10;2491;6765;36,30;33906;92918;4,90;185395;532037;2,50;;;;
24027;LUNDI;01/04/2024;;01/07/2024;26;15;38;10;18;3;4;-3-10-15-18-26-38-;0;0;0;1;1;2000,00;52;156;83,30;1723;5461;38,20;23573;74975;5,10;132992;429280;2,50;;;;
24026;JEUDI;28/03/2024;;27/06/2024;13;37;1;7;18;9;3;-1-7-9-13-18-37-;0;0;0;0;0;0;52;179;81,90;2553;7500;31,40;33603;102117;4,20;179020;555309;2,50;;;;
24025;LUNDI;25/03/2024;;24/06/2024;15;12;27;3;20;25;3;-3-12-15-20-25-27-;0;0;0;3;3;2000,00;58;196;68,90;2345;7056;30,80;29307;92872;4,30;154392;505406;2,50;;;;
24024;JEUDI;21/03/2024;;20/06/2024;27;3;33;37;8;30;2;-3-8-27-30-33-37-;0;0;0;0;1;2000,00;41;151;107,10;1851;5939;43,80;27659;88821;5,40;168243;523339;2,50;;;;
24023;LUNDI;18/03/2024;;17/06/2024;39;8;19;18;6;24;3;-6-8-18-19-24-39-;0;0;0;1;1;2000,00;66;155;94,90;2203;6382;37,00;30480;92738;4,70;170956;529356;2,50;;;;
24022;JEUDI;14/03/2024;;13/06/2024;3;20;27;13;35;12;2;-3-12-13-20-27-35-;0;0;0;1;1;2000,00;71;206;75,70;2587;7276;34,40;35525;100936;4,60;198488;573718;2,50;;;;
24021;LUNDI;11/03/2024;;10/06/2024;22;7;39;37;2;14;1;-2-7-14-22-37-39-;0;0;0;0;0;0;42;139;118,50;1971;6474;40,90;27643;88870;5,50;162547;519046;2,50;;;;
24020;JEUDI;07/03/2024;;06/06/2024;23;15;13;31;39;35;1;-13-15-23-31-35-39-;0;1;20000,00;0;1;2000,00;60;183;98,40;2207;6966;41,50;31619;96658;5,50;189340;559099;2,50;;;;
24019;LUNDI;04/03/2024;;03/06/2024;25;1;10;35;23;29;1;-1-10-23-25-29-35-;0;0;0;0;0;0;57;161;107,40;2322;6337;43,80;33719;96405;5,30;192399;562927;2,50;;;;
24018;JEUDI;29/02/2024;;30/05/2024;38;31;11;21;10;40;1;-10-11-21-31-38-40-;0;0;0;0;1;2000,00;47;152;126,10;2288;7278;42,30;32157;104537;5,40;194782;619778;2,50;;;;
24017;LUNDI;26/02/2024;;27/05/2024;2;15;19;23;40;37;2;-2-15-19-23-37-40-;0;0;0;0;1;2000,00;51;185;88,00;1883;6610;39,60;26783;91941;5,20;158138;529500;2,50;;;;
24016;JEUDI;22/02/2024;;23/05/2024;2;20;24;10;8;39;4;-2-8-10-20-24-39-;0;0;0;1;2;2000,00;72;168;101,90;2497;7345;37,40;35194;99965;5,10;197201;569362;2,50;;;;
24015;LUNDI;19/02/2024;;20/05/2024;37;7;40;20;38;25;4;-7-20-25-37-38-40-;0;0;0;1;2;2000,00;34;109;149,30;1511;5459;47,90;23775;83079;5,80;145122;495787;2,50;;;;
24014;JEUDI;15/02/2024;;16/05/2024;16;21;3;14;8;5;1;-3-5-8-14-16-21-;0;0;0;1;1;2000,00;79;204;76,10;2642;7726;32,30;35038;103310;4,40;188534;574138;2,50;;;;
24013;LUNDI;12/02/2024;;13/05/2024;9;3;16;10;4;6;1;-3-4-6-9-10-16-;0;0;0;1;2;2000,00;86;207;72,10;2439;7070;33,90;31325;95894;4,60;168093;535215;2,50;;;;
24012;JEUDI;08/02/2024;;09/05/2024;40;2;26;19;22;36;4;-2-19-22-26-36-40-;0;0;0;0;0;0;42;150;120,80;2010;6595;44,20;30456;95772;5,60;182837;560955;2,50;;;;
24011;LUNDI;05/02/2024;;06/05/2024;9;25;20;5;40;21;4;-5-9-20-21-25-40-;0;0;0;0;0;0;54;177;88,00;2027;7086;35,30;30575;101357;4,50;176498;573407;2,50;;;;
24010;JEUDI;01/02/2024;;02/05/2024;15;12;35;6;33;28;3;-6-12-15-28-33-35-;0;0;0;0;0;0;77;197;96,60;2612;7566;40,40;35526;105708;5,30;204782;615096;2,50;;;;
24009;LUNDI;29/01/2024;;29/04/2024;29;25;27;2;8;38;3;-2-8-25-27-29-38-;0;0;0;0;0;0;45;159;106,70;1886;6503;41,90;28333;94615;5,30;165551;550151;2,50;;;;
24008;JEUDI;25/01/2024;;25/04/2024;22;26;27;3;1;2;1;-1-2-3-22-26-27-;0;0;0;0;0;0;39;152;117,40;1867;5867;48,90;29954;94420;5,60;190751;592927;2,50;;;;
24007;LUNDI;22/01/2024;;22/04/2024;31;25;34;8;16;29;2;-8-16-25-29-31-34-;0;1;20000,00;0;1;2000,00;44;144;127,90;1889;6075;48,70;27844;87443;6,20;170976;530498;2,50;;;;
24006;JEUDI;18/01/2024;;18/04/2024;8;40;30;16;23;19;5;-8-16-19-23-30-40-;0;0;0;0;0;0;58;217;81,60;2630;8231;34,50;35696;108436;4,80;199837;610297;2,50;;;;
24005;LUNDI;15/01/2024;;15/04/2024;35;2;33;6;23;19;5;-2-6-19-23-33-35-;0;0;0;0;1;2000,00;56;166;106,50;2064;7002;40,60;29707;98318;5,30;176602;575663;2,50;;;;
24004;JEUDI;11/01/2024;;11/04/2024;31;7;38;5;24;29;2;-5-7-24-29-31-38-;0;0;0;0;1;2000,00;64;179;109,70;2585;7600;41,50;38081;110096;5,30;225394;652821;2,50;;;;
24003;LUNDI;08/01/2024;;08/04/2024;25;19;26;40;13;33;1;-13-19-25-26-33-40-;1;1;20000,00;1;1;2000,00;72;232;75,50;2650;8781;32,00;36370;114681;4,50;203377;627662;2,50;;;;
24002;JEUDI;04/01/2024;;04/04/2024;29;15;21;30;22;39;1;-15-21-22-29-30-39-;0;0;0;0;1;2000,00;45;162;125,30;2282;6864;47,50;34099;103644;5,80;207974;624007;2,50;;;;
24001;LUNDI;01/01/2024;;01/04/2024;5;28;2;18;39;24;4;-2-5-18-24-28-39-;0;0;0;0;1;2000,00;36;141;115,30;2061;6260;41,70;28592;87747;5,50;171321;515598;2,50;;;;
23016;JEUDI;28/12/2023;;28/03/2024;15;11;5;39;21;24;5;-5-11-15-21-24-39-;0;0;0;0;0;0;54;177;113,70;2804;8346;38,70;40975;117581;5,10;234236;674702;2,50;;;;
23015;LUNDI;25/12/2023;;25/03/2024;12;22;17;21;3;13;1;-3-12-13-17-21-22-;0;0;0;0;0;0;66;151;94,00;3054;7731;29,50;42413;108236;3,90;233278;603256;2,50;;;;
23014;JEUDI;21/12/2023;;21/03/2024;29;17;23;15;26;3;4;-3-15-17-23-26-29-;0;0;0;0;0;0;70;240;84,50;3410;9222;35,30;44203;123312;4,90;248312;691835;2,50;;;;
23013;LUNDI;18/12/2023;;18/03/2024;16;21;2;35;40;33;5;-2-16-21-33-35-40-;0;0;0;0;1;2000,00;62;167;133,80;2453;7277;49,30;36960;106122;6,20;227875;639744;2,50;;;;
23012;JEUDI;14/12/2023;;14/03/2024;9;3;27;33;8;22;1;-3-8-9-22-27-33-;0;0;0;0;1;2000,00;87;244;85,60;4120;10335;32,40;54040;139276;4,40;296863;770880;2,50;;;;
23011;LUNDI;11/12/2023;;11/03/2024;28;18;21;30;32;11;1;-11-18-21-28-30-32-;0;0;0;0;0;0;94;247;91,00;3695;9043;39,90;52763;130052;5,10;304747;753206;2,50;;;;
23010;JEUDI;07/12/2023;;07/03/2024;10;38;5;1;32;3;5;-1-3-5-10-32-38-;0;0;0;0;0;0;65;158;167,60;3121;8178;52,00;49489;128263;6,10;305606;783325;2,50;;;;
23009;LUNDI;04/12/2023;;04/03/2024;12;24;32;29;8;30;5;-8-12-24-29-30-32-;0;0;0;0;0;0;65;176;136,20;3342;8810;43,70;49712;129381;5,50;290221;749852;2,50;;;;
23008;JEUDI;30/11/2023;;29/02/2024;14;36;27;37;15;2;5;-2-14-15-27-36-37-;0;0;0;0;0;0;68;192;144,20;2819;7615;58,40;44297;120816;6,80;280258;760456;2,50;;;;
23007;LUNDI;27/11/2023;;26/02/2024;2;18;33;23;29;35;4;-2-18-23-29-33-35-;0;0;0;0;1;2000,00;82;221;114,10;3134;8738;46,40;46252;126292;5,90;282026;755570;2,50;;;;
23006;JEUDI;23/11/2023;;22/02/2024;35;15;22;4;23;28;4;-4-15-22-23-28-35-;0;0;0;0;0;0;78;203;135,40;4269;10347;42,70;60397;148794;5,50;353267;875259;2,50;;;;
23005;LUNDI;20/11/2023;;19/02/2024;6;13;25;26;18;32;3;-6-13-18-25-26-32-;0;0;0;1;2;2000,00;105;278;87,70;4489;11306;34,70;61495;153085;4,70;342417;855091;2,50;;;;
23004;JEUDI;16/11/2023;;15/02/2024;13;11;18;5;27;25;5;-5-11-13-18-25-27-;0;0;0;0;1;2000,00;185;421;57,90;6394;15047;26,00;78964;189479;3,80;408852;1000280;2,50;;;;
23003;LUNDI;13/11/2023;;12/02/2024;39;33;1;6;25;26;2;-1-6-25-26-33-39-;0;0;0;0;0;0;79;203;150,10;3690;9410;52,00;59146;144079;6,30;371226;891966;2,50;;;;
23002;JEUDI;09/11/2023;;08/02/2024;32;16;31;19;14;37;2;-14-16-19-31-32-37-;0;0;0;0;0;0;81;214;173,90;4238;10561;56,60;68169;163908;6,70;429146;1016365;2,50;;;;
23001;LUNDI;06/11/2023;;05/02/2024;25;14;13;30;10;35;5;-10-13-14-25-30-35-;2;2;20000,00;0;2;2000,00;165;398;107,50;6970;16357;42,00;103760;240384;5,30;608464;1418445;2,50;;;;
