annee_numero_de_tirage;date_de_tirage;heure_de_tirage;date_de_forclusion;boule1;boule2;boule3;boule4;boule5;boule6;boule7;boule8;boule9;boule10;lettre;combinaison_gagnante_en_ordre_croissant;nombre_de_gagnant_au_rang1;rapport_du_rang1;nombre_de_gagnant_au_rang2;rapport_du_rang2;nombre_de_gagnant_au_rang3;rapport_du_rang3;nombre_de_gagnant_au_rang4;rapport_du_rang4;nombre_de_gagnant_au_rang5;rapport_du_rang5;nombre_de_gagnant_au_rang6;rapport_du_rang6;nombre_de_gagnant_au_rang7;rapport_du_rang7;nombre_de_gagnant_au_rang8;rapport_du_rang8;nombre_de_gagnant_au_rang9;rapport_du_rang9;nombre_de_gagnant_au_rang10;rapport_du_rang10;devise;
26203;18/07/2026;19:00:00;17/10/2026;18;8;1;22;24;15;9;5;19;3;D;1-3-5-8-9-15-18-19-22-24+D;1;700000,00;10;1000,00;46;500,00;254;100,00;1240;50,00;2562;14,00;12853;7,00;12826;2,00;64711;1,00;124529;1,00;eur;
26202;18/07/2026;18:00:00;17/10/2026;3;2;11;17;18;13;24;21;14;25;S;2-3-11-13-14-17-18-21-24-25+S;0;0;2;1000,00;8;500,00;88;100,00;407;50,00;1040;14,00;5493;7,00;6095;2,00;30885;1,00;67598;1,00;eur;
26201;18/07/2026;17:00:00;17/10/2026;5;8;14;4;19;25;13;10;6;1;E;1-4-5-6-8-10-13-14-19-25+E;0;0;5;1000,00;17;500,00;117;100,00;577;50,00;1290;14,00;6433;7,00;6773;2,00;33374;1,00;62515;1,00;eur;
26200;18/07/2026;16:00:00;17/10/2026;21;11;4;8;2;15;20;13;6;9;I;2-4-6-8-9-11-13-15-20-21+I;0;0;3;1000,00;16;500,00;119;100,00;581;50,00;1215;14,00;6052;7,00;6187;2,00;30305;1,00;59243;1,00;eur;
26199;18/07/2026;15:00:00;17/10/2026;3;14;24;16;11;2;5;9;1;4;M;1-2-3-4-5-9-11-14-16-24+M;0;0;2;1000,00;13;500,00;95;100,00;452;50,00;1046;14,00;5546;7,00;5820;2,00;29029;1,00;57886;1,00;eur;
26198;18/07/2026;14:00:00;17/10/2026;14;13;19;3;15;18;20;11;25;4;A;3-4-11-13-14-15-18-19-20-25+A;0;0;2;1000,00;9;500,00;56;100,00;345;50,00;850;14,00;4318;7,00;5120;2,00;25250;1,00;55800;1,00;eur;
26197;18/07/2026;13:00:00;17/10/2026;5;14;6;11;2;4;20;21;8;16;A;2-4-5-6-8-11-14-16-20-21+A;0;0;1;1000,00;11;500,00;99;100,00;482;50,00;1137;14,00;5550;7,00;5709;2,00;28626;1,00;59978;1,00;eur;
26196;11/07/2026;19:00:00;10/10/2026;7;12;8;16;10;15;3;6;9;19;A;3-6-7-8-9-10-12-15-16-19+A;0;0;6;2120,00;24;1258,30;179;256,40;909;127,00;2138;38,20;11128;22,40;11726;7,70;58202;3,90;115196;2,00;eur;
26195;11/07/2026;18:00:00;10/10/2026;16;5;3;25;11;17;23;13;8;2;A;2-3-5-8-11-13-16-17-23-25+A;0;0;8;1000,00;27;500,00;147;100,00;705;50,00;1551;14,00;7532;7,00;7367;2,00;36545;1,00;68514;1,00;eur;
26194;11/07/2026;17:00:00;10/10/2026;13;4;7;19;12;8;16;14;17;23;A;4-7-8-12-13-14-16-17-19-23+A;0;0;3;1000,00;14;500,00;105;100,00;430;50,00;1068;14,00;5515;7,00;5881;2,00;30301;1,00;65995;1,00;eur;
26193;11/07/2026;16:00:00;10/10/2026;6;17;10;1;18;22;4;12;21;19;M;1-4-6-10-12-17-18-19-21-22+M;0;0;3;1000,00;12;500,00;81;100,00;431;50,00;998;14,00;5458;7,00;5937;2,00;29245;1,00;62828;1,00;eur;
26192;11/07/2026;15:00:00;10/10/2026;13;15;4;14;2;22;24;20;17;16;I;2-4-13-14-15-16-17-20-22-24+I;0;0;2;1000,00;15;500,00;77;100,00;341;50,00;918;14,00;4575;7,00;4884;2,00;25188;1,00;61814;1,00;eur;
26191;11/07/2026;14:00:00;10/10/2026;1;7;22;13;6;16;19;18;9;21;S;1-6-7-9-13-16-18-19-21-22+S;0;0;4;1000,00;12;500,00;85;100,00;450;50,00;1042;14,00;5399;7,00;5729;2,00;28074;1,00;57115;1,00;eur;
26190;11/07/2026;13:00:00;10/10/2026;13;18;5;19;11;10;17;21;6;12;D;5-6-10-11-12-13-17-18-19-21+D;0;0;4;1000,00;12;500,00;102;100,00;439;50,00;1023;14,00;5094;7,00;5563;2,00;28461;1,00;62835;1,00;eur;
26189;04/07/2026;19:00:00;03/10/2026;24;1;20;22;8;25;4;10;19;17;I;1-4-8-10-17-19-20-22-24-25+I;0;0;7;1274,20;22;736,30;171;146,70;805;74,80;1881;21,80;9442;12,20;9718;3,90;48470;2,00;98169;1,30;eur;
26188;04/07/2026;18:00:00;03/10/2026;3;25;17;21;11;1;12;19;8;20;S;1-3-8-11-12-17-19-20-21-25+S;0;0;3;1000,00;14;500,00;99;100,00;562;50,00;1249;14,00;6498;7,00;6802;2,00;33737;1,00;66506;1,00;eur;
26187;04/07/2026;17:00:00;03/10/2026;23;5;17;24;22;20;1;6;19;4;M;1-4-5-6-17-19-20-22-23-24+M;1;100000,00;1;1000,00;8;500,00;81;100,00;329;50,00;1025;14,00;4845;7,00;5781;2,00;28756;1,00;65057;1,00;eur;
26186;04/07/2026;16:00:00;03/10/2026;20;8;18;14;21;1;11;19;16;17;I;1-8-11-14-16-17-18-19-20-21+I;1;400000,00;2;1000,00;16;500,00;68;100,00;356;50,00;923;14,00;4670;7,00;5140;2,00;25974;1,00;65293;1,00;eur;
26185;04/07/2026;15:00:00;03/10/2026;12;16;15;14;18;3;20;8;23;22;E;3-8-12-14-15-16-18-20-22-23+E;0;0;1;1000,00;12;500,00;99;100,00;426;50,00;1041;14,00;5472;7,00;5637;2,00;28004;1,00;61767;1,00;eur;
26184;04/07/2026;14:00:00;03/10/2026;7;24;23;2;4;25;15;5;21;12;M;2-4-5-7-12-15-21-23-24-25+M;0;0;1;1000,00;16;500,00;100;100,00;589;50,00;1258;14,00;6502;7,00;6220;2,00;31554;1,00;57558;1,00;eur;
26183;04/07/2026;13:00:00;03/10/2026;3;5;15;8;25;19;18;14;22;11;M;3-5-8-11-14-15-18-19-22-25+M;0;0;5;1000,00;19;500,00;117;100,00;652;50,00;1271;14,00;6476;7,00;6419;2,00;31532;1,00;63630;1,00;eur;
26182;27/06/2026;19:00:00;26/09/2026;3;6;21;5;20;25;12;13;24;4;E;3-4-5-6-12-13-20-21-24-25+E;0;0;4;1720,00;25;812,00;139;186,30;751;89,90;1750;26,70;9095;15,10;10016;4,90;50682;2,40;103887;1,40;eur;
26181;27/06/2026;18:00:00;26/09/2026;2;22;19;20;5;12;14;15;8;16;I;2-5-8-12-14-15-16-19-20-22+I;0;0;3;1000,00;17;500,00;100;100,00;493;50,00;1166;14,00;5520;7,00;6049;2,00;29942;1,00;65762;1,00;eur;
26180;27/06/2026;17:00:00;26/09/2026;20;3;23;9;14;2;12;5;15;11;I;2-3-5-9-11-12-14-15-20-23+I;0;0;0;1000,00;13;500,00;103;100,00;487;50,00;1175;14,00;5749;7,00;6430;2,00;30942;1,00;61871;1,00;eur;
26179;27/06/2026;16:00:00;26/09/2026;7;16;18;2;12;20;25;5;14;4;D;2-4-5-7-12-14-16-18-20-25+D;1;400000,00;6;1000,00;25;500,00;151;100,00;712;50,00;1373;14,00;7148;7,00;6679;2,00;32601;1,00;60353;1,00;eur;
26178;27/06/2026;15:00:00;26/09/2026;21;18;17;3;13;24;12;6;23;19;M;3-6-12-13-17-18-19-21-23-24+M;0;0;2;1000,00;16;500,00;89;100,00;372;50,00;991;14,00;4990;7,00;5611;2,00;27586;1,00;60097;1,00;eur;
26177;27/06/2026;14:00:00;26/09/2026;11;10;9;1;19;22;18;25;13;5;D;1-5-9-10-11-13-18-19-22-25+D;0;0;4;1000,00;23;500,00;117;100,00;567;50,00;1256;14,00;6119;7,00;6013;2,00;30138;1,00;55792;1,00;eur;
26176;27/06/2026;13:00:00;26/09/2026;25;21;13;15;18;6;19;7;5;23;I;5-6-7-13-15-18-19-21-23-25+I;0;0;3;1000,00;16;500,00;120;100,00;532;50,00;1322;14,00;6587;7,00;6476;2,00;31865;1,00;61157;1,00;eur;
26175;20/06/2026;19:00:00;19/09/2026;3;14;12;25;1;11;7;2;18;13;D;1-2-3-7-11-12-13-14-18-25+D;0;0;6;1160,00;21;623,80;144;127,70;728;63,70;1857;17,90;9165;9,60;9933;2,90;49157;1,40;93432;1,10;eur;
26174;20/06/2026;18:00:00;19/09/2026;14;8;21;12;22;15;24;17;25;20;E;8-12-14-15-17-20-21-22-24-25+E;1;100000,00;4;1000,00;9;500,00;87;100,00;395;50,00;1021;14,00;4915;7,00;5775;2,00;28234;1,00;66174;1,00;eur;
26173;20/06/2026;17:00:00;19/09/2026;18;16;15;6;22;23;8;17;7;21;M;6-7-8-15-16-17-18-21-22-23+M;1;400000,00;5;1000,00;11;500,00;77;100,00;387;50,00;943;14,00;4707;7,00;5232;2,00;26329;1,00;64661;1,00;eur;
26172;20/06/2026;16:00:00;19/09/2026;21;1;20;23;9;15;7;25;22;2;A;1-2-7-9-15-20-21-22-23-25+A;0;0;4;1000,00;9;500,00;73;100,00;431;50,00;1081;14,00;5418;7,00;6137;2,00;30189;1,00;59745;1,00;eur;
26171;20/06/2026;15:00:00;19/09/2026;19;16;21;17;12;7;9;20;23;5;A;5-7-9-12-16-17-19-20-21-23+A;0;0;1;1000,00;12;500,00;66;100,00;477;50,00;1146;14,00;5475;7,00;5623;2,00;28790;1,00;58386;1,00;eur;
26170;20/06/2026;14:00:00;19/09/2026;23;3;15;25;24;19;18;20;13;11;D;3-11-13-15-18-19-20-23-24-25+D;0;0;3;1000,00;11;500,00;94;100,00;450;50,00;1046;14,00;5389;7,00;5513;2,00;27089;1,00;56376;1,00;eur;
26169;20/06/2026;13:00:00;19/09/2026;15;8;17;21;6;7;2;9;1;3;A;1-2-3-6-7-8-9-15-17-21+A;1;100000,00;1;1000,00;19;500,00;114;100,00;569;50,00;1356;14,00;6455;7,00;6537;2,00;32968;1,00;60251;1,00;eur;
26168;13/06/2026;19:00:00;12/09/2026;24;8;2;7;16;18;3;10;15;13;D;2-3-7-8-10-13-15-16-18-24+D;0;0;8;1120,00;26;600,00;194;120,60;854;61,70;2063;17,50;10154;9,40;10455;2,90;52734;1,40;103144;1,10;eur;
26167;13/06/2026;18:00:00;12/09/2026;14;10;18;19;3;20;12;5;25;8;D;3-5-8-10-12-14-18-19-20-25+D;1;100000,00;5;1000,00;23;500,00;129;100,00;700;50,00;1485;14,00;7241;7,00;7364;2,00;36232;1,00;69829;1,00;eur;
26166;13/06/2026;17:00:00;12/09/2026;20;23;6;9;12;10;11;21;13;17;A;6-9-10-11-12-13-17-20-21-23+A;1;500000,00;3;1000,00;14;500,00;114;100,00;564;50,00;1159;14,00;5931;7,00;6491;2,00;32483;1,00;69796;1,00;eur;
26165;13/06/2026;16:00:00;12/09/2026;3;11;15;8;12;21;22;6;9;10;M;3-6-8-9-10-11-12-15-21-22+M;0;0;3;1000,00;15;500,00;99;100,00;493;50,00;1193;14,00;6077;7,00;6489;2,00;32773;1,00;66079;1,00;eur;
26164;13/06/2026;15:00:00;12/09/2026;17;1;14;25;7;13;19;12;9;16;S;1-7-9-12-13-14-16-17-19-25+S;0;0;5;1000,00;12;500,00;102;100,00;478;50,00;1216;14,00;6107;7,00;6600;2,00;32946;1,00;64082;1,00;eur;
26163;13/06/2026;14:00:00;12/09/2026;13;20;4;11;6;15;14;2;21;17;I;2-4-6-11-13-14-15-17-20-21+I;0;0;4;1000,00;11;500,00;81;100,00;421;50,00;1017;14,00;5329;7,00;5535;2,00;27727;1,00;61655;1,00;eur;
26162;13/06/2026;13:00:00;12/09/2026;21;4;14;9;12;19;18;5;2;25;I;2-4-5-9-12-14-18-19-21-25+I;0;0;6;1000,00;23;500,00;130;100,00;666;50,00;1391;14,00;6814;7,00;6813;2,00;33986;1,00;67372;1,00;eur;
26161;06/06/2026;19:00:00;05/09/2026;23;12;17;24;10;13;8;16;11;15;E;8-10-11-12-13-15-16-17-23-24+E;0;0;6;1320,00;24;716,60;141;156,70;739;77,00;1754;22,40;8852;12,50;9477;4,00;48497;2,00;112703;1,20;eur;
26160;06/06/2026;18:00:00;05/09/2026;6;17;15;18;23;10;7;14;24;22;S;6-7-10-14-15-17-18-22-23-24+S;0;0;3;1000,00;10;500,00;79;100,00;462;50,00;1063;14,00;5571;7,00;6418;2,00;31229;1,00;74387;1,00;eur;
26159;06/06/2026;17:00:00;05/09/2026;5;22;14;19;3;8;12;2;20;17;A;2-3-5-8-12-14-17-19-20-22+A;1;300000,00;7;1000,00;29;500,00;130;100,00;628;50,00;1433;14,00;6761;7,00;6984;2,00;34367;1,00;70184;1,00;eur;
26158;06/06/2026;16:00:00;05/09/2026;3;17;20;2;13;5;19;23;6;24;A;2-3-5-6-13-17-19-20-23-24+A;0;0;5;1000,00;19;500,00;112;100,00;475;50,00;1175;14,00;5755;7,00;6479;2,00;32124;1,00;67518;1,00;eur;
26157;06/06/2026;15:00:00;05/09/2026;16;1;9;22;20;7;10;15;8;18;S;1-7-8-9-10-15-16-18-20-22+S;0;0;5;1000,00;10;500,00;103;100,00;496;50,00;1198;14,00;5897;7,00;6517;2,00;32512;1,00;65900;1,00;eur;
26156;06/06/2026;14:00:00;05/09/2026;7;24;16;23;25;19;10;20;13;12;S;7-10-12-13-16-19-20-23-24-25+S;1;200000,00;3;1000,00;16;500,00;81;100,00;467;50,00;1108;14,00;5564;7,00;5897;2,00;30078;1,00;64494;1,00;eur;
26155;06/06/2026;13:00:00;05/09/2026;2;11;3;18;23;6;25;13;20;15;I;2-3-6-11-13-15-18-20-23-25+I;0;0;10;1000,00;35;500,00;151;100,00;714;50,00;1528;14,00;7459;7,00;7365;2,00;36499;1,00;71375;1,00;eur;
26154;30/05/2026;19:00:00;29/08/2026;20;21;1;13;11;4;23;10;3;8;S;1-3-4-8-10-11-13-20-21-23+S;0;0;4;2680,00;37;991,80;217;229,00;1079;114,80;2428;35,30;12425;20,80;13263;7,10;65603;3,50;130433;1,80;eur;
26153;30/05/2026;18:00:00;29/08/2026;15;13;22;7;9;16;11;20;1;2;I;1-2-7-9-11-13-15-16-20-22+I;0;0;1;1000,00;19;500,00;124;100,00;626;50,00;1427;14,00;7092;7,00;7436;2,00;36665;1,00;73079;1,00;eur;
26152;30/05/2026;17:00:00;29/08/2026;15;2;10;24;22;6;3;20;18;14;M;2-3-6-10-14-15-18-20-22-24+M;0;0;3;1000,00;13;500,00;120;100,00;604;50,00;1303;14,00;6339;7,00;6205;2,00;31425;1,00;69160;1,00;eur;
26151;30/05/2026;16:00:00;29/08/2026;16;18;10;1;12;19;11;23;5;14;M;1-5-10-11-12-14-16-18-19-23+M;0;0;2;1000,00;9;500,00;87;100,00;450;50,00;1152;14,00;5384;7,00;5912;2,00;29986;1,00;66254;1,00;eur;
26150;30/05/2026;15:00:00;29/08/2026;15;22;8;20;17;18;19;25;9;1;M;1-8-9-15-17-18-19-20-22-25+M;0;0;1;1000,00;14;500,00;74;100,00;384;50,00;1041;14,00;5150;7,00;5908;2,00;29599;1,00;63918;1,00;eur;
26149;30/05/2026;14:00:00;29/08/2026;19;25;8;7;21;6;15;17;5;10;I;5-6-7-8-10-15-17-19-21-25+I;0;0;2;1000,00;8;500,00;114;100,00;484;50,00;1093;14,00;5721;7,00;6164;2,00;30540;1,00;60165;1,00;eur;
26148;30/05/2026;13:00:00;29/08/2026;12;14;13;22;7;23;10;24;25;16;D;7-10-12-13-14-16-22-23-24-25+D;0;0;2;1000,00;7;500,00;96;100,00;383;50,00;1037;14,00;5182;7,00;5742;2,00;29603;1,00;66548;1,00;eur;
26147;23/05/2026;19:00:00;22/08/2026;17;11;2;6;15;8;21;22;23;13;M;2-6-8-11-13-15-17-21-22-23+M;0;0;3;2920,00;26;1100,00;214;212,10;994;110,30;2167;34,50;10904;20,50;11326;7,10;55350;3,60;117657;1,80;eur;
26146;23/05/2026;18:00:00;22/08/2026;23;1;2;18;5;19;24;9;16;10;A;1-2-5-9-10-16-18-19-23-24+A;0;0;2;1000,00;18;500,00;104;100,00;521;50,00;1189;14,00;6125;7,00;6787;2,00;33578;1,00;70612;1,00;eur;
26145;23/05/2026;17:00:00;22/08/2026;8;14;20;21;24;2;1;22;18;11;S;1-2-8-11-14-18-20-21-22-24+S;0;0;2;1000,00;13;500,00;80;100,00;475;50,00;1214;14,00;5525;7,00;6136;2,00;30293;1,00;67166;1,00;eur;
26144;23/05/2026;16:00:00;22/08/2026;13;8;2;17;23;19;16;4;18;15;D;2-4-8-13-15-16-17-18-19-23+D;0;0;4;1000,00;8;500,00;72;100,00;407;50,00;938;14,00;4950;7,00;5616;2,00;27873;1,00;64060;1,00;eur;
26143;23/05/2026;15:00:00;22/08/2026;13;2;12;14;21;9;17;8;22;3;M;2-3-8-9-12-13-14-17-21-22+M;0;0;1;1000,00;8;500,00;100;100,00;463;50,00;1086;14,00;5335;7,00;5716;2,00;29116;1,00;62393;1,00;eur;
26142;23/05/2026;14:00:00;22/08/2026;10;18;25;1;23;13;9;11;8;2;M;1-2-8-9-10-11-13-18-23-25+M;0;0;5;1000,00;16;500,00;94;100,00;447;50,00;1136;14,00;5681;7,00;6003;2,00;30726;1,00;59163;1,00;eur;
26141;23/05/2026;13:00:00;22/08/2026;2;3;24;8;17;9;19;16;4;12;D;2-3-4-8-9-12-16-17-19-24+D;1;100000,00;8;1000,00;14;500,00;117;100,00;499;50,00;1157;14,00;6196;7,00;6380;2,00;32004;1,00;65803;1,00;eur;
26140;16/05/2026;19:00:00;15/08/2026;7;1;14;23;22;18;6;16;11;8;M;1-6-7-8-11-14-16-18-22-23+M;0;0;4;1480,00;24;716,60;170;147,00;811;74,60;1892;21,80;9632;12,10;10187;3,90;50968;1,90;110587;1,20;eur;
26139;16/05/2026;18:00:00;15/08/2026;17;3;19;20;18;15;14;7;16;1;E;1-3-7-14-15-16-17-18-19-20+E;0;0;2;1000,00;16;500,00;78;100,00;416;50,00;1122;14,00;5544;7,00;6170;2,00;31859;1,00;75257;1,00;eur;
26138;16/05/2026;17:00:00;15/08/2026;17;25;23;10;8;12;16;21;11;3;M;3-8-10-11-12-16-17-21-23-25+M;1;400000,00;6;1000,00;16;500,00;105;100,00;507;50,00;1230;14,00;6380;7,00;6844;2,00;34105;1,00;72802;1,00;eur;
26137;16/05/2026;16:00:00;15/08/2026;3;18;24;16;15;23;19;5;25;10;I;3-5-10-15-16-18-19-23-24-25+I;0;0;1;1000,00;16;500,00;118;100,00;531;50,00;1283;14,00;6372;7,00;6526;2,00;33343;1,00;69228;1,00;eur;
26136;16/05/2026;15:00:00;15/08/2026;6;17;13;25;18;12;16;7;22;3;M;3-6-7-12-13-16-17-18-22-25+M;0;0;4;1000,00;41;500,00;125;100,00;516;50,00;1329;14,00;6184;7,00;6575;2,00;33326;1,00;67349;1,00;eur;
26135;16/05/2026;14:00:00;15/08/2026;19;2;25;6;20;5;12;15;13;18;I;2-5-6-12-13-15-18-19-20-25+I;0;0;6;1000,00;17;500,00;93;100,00;445;50,00;1154;14,00;5851;7,00;6311;2,00;31310;1,00;63895;1,00;eur;
26134;16/05/2026;13:00:00;15/08/2026;19;24;8;13;12;22;11;15;23;5;M;5-8-11-12-13-15-19-22-23-24+M;1;100000,00;2;1000,00;13;500,00;83;100,00;482;50,00;1208;14,00;6008;7,00;6539;2,00;32639;1,00;72598;1,00;eur;
26133;09/05/2026;19:00:00;08/08/2026;12;7;8;22;13;20;2;5;16;4;S;2-4-5-7-8-12-13-16-20-22+S;0;0;10;1672,00;44;913,60;266;205,20;1293;104,10;2677;33,30;13393;19,80;13507;7,00;67535;3,50;129257;1,80;eur;
26132;09/05/2026;18:00:00;08/08/2026;20;10;5;25;1;18;8;17;2;11;I;1-2-5-8-10-11-17-18-20-25+I;0;0;2;1000,00;34;500,00;140;100,00;806;50,00;1680;14,00;8632;7,00;8356;2,00;41718;1,00;78466;1,00;eur;
26131;09/05/2026;17:00:00;08/08/2026;13;14;4;6;21;24;19;23;15;16;S;4-6-13-14-15-16-19-21-23-24+S;0;0;2;1000,00;12;500,00;92;100,00;503;50,00;1178;14,00;5520;7,00;6352;2,00;31343;1,00;76110;1,00;eur;
26130;09/05/2026;16:00:00;08/08/2026;11;6;19;8;25;14;12;21;23;9;A;6-8-9-11-12-14-19-21-23-25+A;0;0;3;1000,00;12;500,00;111;100,00;523;50,00;1315;14,00;6358;7,00;6749;2,00;33760;1,00;71410;1,00;eur;
26129;09/05/2026;15:00:00;08/08/2026;5;13;12;4;20;21;11;19;17;10;M;4-5-10-11-12-13-17-19-20-21+M;0;0;3;1000,00;19;500,00;92;100,00;520;50,00;1143;14,00;5684;7,00;6355;2,00;31911;1,00;69543;1,00;eur;
26128;09/05/2026;14:00:00;08/08/2026;13;11;22;9;24;1;10;18;15;25;D;1-9-10-11-13-15-18-22-24-25+D;0;0;2;1000,00;19;500,00;89;100,00;535;50,00;1191;14,00;6161;7,00;6474;2,00;32549;1,00;66485;1,00;eur;
26127;09/05/2026;13:00:00;08/08/2026;23;8;25;15;5;4;22;7;13;9;D;4-5-7-8-9-13-15-22-23-25+D;0;0;3;1000,00;20;500,00;134;100,00;615;50,00;1445;14,00;7307;7,00;8092;2,00;39937;1,00;73005;1,00;eur;
26126;02/05/2026;19:00:00;01/08/2026;18;22;2;24;8;14;16;1;23;25;A;1-2-8-14-16-18-22-23-24-25+A;0;0;5;2344,00;29;1127,50;152;284,20;828;134,50;2127;38,30;10646;23,10;11732;7,70;57619;3,90;124618;1,90;eur;
26125;02/05/2026;18:00:00;01/08/2026;18;10;21;17;7;25;23;24;15;6;E;6-7-10-15-17-18-21-23-24-25+E;0;0;3;1000,00;20;500,00;99;100,00;509;50,00;1293;14,00;6496;7,00;7382;2,00;36287;1,00;78215;1,00;eur;
26124;02/05/2026;17:00:00;01/08/2026;21;9;20;2;18;6;19;22;4;23;S;2-4-6-9-18-19-20-21-22-23+S;0;0;3;1000,00;14;500,00;101;100,00;509;50,00;1211;14,00;6120;7,00;6461;2,00;33395;1,00;73357;1,00;eur;
26123;02/05/2026;16:00:00;01/08/2026;3;24;21;10;16;23;13;14;9;6;D;3-6-9-10-13-14-16-21-23-24+D;0;0;3;1000,00;10;500,00;90;100,00;478;50,00;1077;14,00;5701;7,00;6286;2,00;31030;1,00;69524;1,00;eur;
26122;02/05/2026;15:00:00;01/08/2026;11;15;6;12;21;16;7;3;9;14;D;3-6-7-9-11-12-14-15-16-21+D;0;0;4;1000,00;10;500,00;101;100,00;528;50,00;1246;14,00;6504;7,00;6711;2,00;33475;1,00;67054;1,00;eur;
26121;02/05/2026;14:00:00;01/08/2026;12;17;8;1;21;20;19;5;18;23;E;1-5-8-12-17-18-19-20-21-23+E;0;0;1;1000,00;6;500,00;81;100,00;368;50,00;1051;14,00;5105;7,00;5963;2,00;29726;1,00;64471;1,00;eur;
26120;02/05/2026;13:00:00;01/08/2026;9;19;13;7;1;15;3;6;24;16;M;1-3-6-7-9-13-15-16-19-24+M;0;0;6;1000,00;34;500,00;146;100,00;784;50,00;1563;14,00;8031;7,00;7502;2,00;38076;1,00;69718;1,00;eur;
26119;25/04/2026;19:00:00;25/07/2026;9;7;1;5;24;2;15;18;8;3;M;1-2-3-5-7-8-9-15-18-24+M;0;0;5;1384,00;23;726,00;201;139,80;939;71,20;2342;20,30;11815;11,10;11499;3,60;56527;1,80;100061;1,30;eur;
26118;25/04/2026;18:00:00;25/07/2026;4;1;24;8;7;12;3;25;9;2;I;1-2-3-4-7-8-9-12-24-25+I;0;0;6;1000,00;34;500,00;174;100,00;866;50,00;1759;14,00;8759;7,00;8615;2,00;41892;1,00;70386;1,00;eur;
26117;25/04/2026;17:00:00;25/07/2026;13;21;1;2;25;5;8;15;3;4;I;1-2-3-4-5-8-13-15-21-25+I;1;400000,00;7;1000,00;18;500,00;118;100,00;603;50,00;1481;14,00;7395;7,00;7914;2,00;38611;1,00;69721;1,00;eur;
26116;25/04/2026;16:00:00;25/07/2026;14;16;6;3;1;7;23;11;13;20;A;1-3-6-7-11-13-14-16-20-23+A;0;0;1;1000,00;18;500,00;125;100,00;547;50,00;1203;14,00;6327;7,00;6690;2,00;33098;1,00;67579;1,00;eur;
26115;25/04/2026;15:00:00;25/07/2026;23;12;16;19;20;11;5;3;14;24;M;3-5-11-12-14-16-19-20-23-24+M;0;0;2;1000,00;13;500,00;83;100,00;426;50,00;971;14,00;5284;7,00;5833;2,00;29747;1,00;66813;1,00;eur;
26114;25/04/2026;14:00:00;25/07/2026;14;7;12;2;5;20;21;3;16;25;I;2-3-5-7-12-14-16-20-21-25+I;0;0;7;1000,00;15;500,00;120;100,00;586;50,00;1329;14,00;6297;7,00;6587;2,00;32854;1,00;62797;1,00;eur;
26113;25/04/2026;13:00:00;25/07/2026;25;15;13;3;18;7;16;6;22;17;I;3-6-7-13-15-16-17-18-22-25+I;1;100000,00;5;1000,00;14;500,00;103;100,00;497;50,00;1241;14,00;6113;7,00;6712;2,00;33881;1,00;70973;1,00;eur;
26112;18/04/2026;19:00:00;18/07/2026;13;12;10;18;17;15;11;5;23;2;I;2-5-10-11-12-13-15-17-18-23+I;1;300000,00;1;1000,00;22;500,00;152;100,00;732;50,00;1961;14,00;9730;7,00;10664;2,00;53083;1,00;111398;1,00;eur;
26111;18/04/2026;18:00:00;18/07/2026;5;3;19;11;9;25;20;17;7;15;I;3-5-7-9-11-15-17-19-20-25+I;0;0;14;1000,00;49;500,00;247;100,00;1304;50,00;1873;14,00;9742;7,00;8370;2,00;41421;1,00;74704;1,00;eur;
26110;18/04/2026;17:00:00;18/07/2026;13;17;9;4;10;12;23;8;20;2;I;2-4-8-9-10-12-13-17-20-23+I;0;0;3;1000,00;24;500,00;129;100,00;698;50,00;1507;14,00;7144;7,00;7104;2,00;35758;1,00;72178;1,00;eur;
26109;18/04/2026;16:00:00;18/07/2026;4;7;22;9;21;18;14;16;3;19;M;3-4-7-9-14-16-18-19-21-22+M;1;400000,00;2;1000,00;13;500,00;121;100,00;563;50,00;1318;14,00;6585;7,00;6978;2,00;34880;1,00;71276;1,00;eur;
26108;18/04/2026;15:00:00;18/07/2026;8;13;2;10;20;24;25;7;17;12;S;2-7-8-10-12-13-17-20-24-25+S;0;0;5;1000,00;27;500,00;130;100,00;648;50,00;1411;14,00;7154;7,00;7223;2,00;36150;1,00;69145;1,00;eur;
26107;18/04/2026;14:00:00;18/07/2026;24;7;18;19;9;13;10;1;15;3;S;1-3-7-9-10-13-15-18-19-24+S;0;0;5;1000,00;24;500,00;166;100,00;763;50,00;1492;14,00;7606;7,00;7109;2,00;35651;1,00;65734;1,00;eur;
26106;18/04/2026;13:00:00;18/07/2026;19;23;20;18;10;4;5;24;25;11;I;4-5-10-11-18-19-20-23-24-25+I;0;0;3;1000,00;27;500,00;98;100,00;523;50,00;1241;14,00;6300;7,00;6874;2,00;34031;1,00;73942;1,00;eur;
26105;11/04/2026;19:00:00;11/07/2026;2;12;11;15;21;24;10;1;6;13;D;1-2-6-10-11-12-13-15-21-24+D;0;0;4;1960,00;26;900,00;180;188,80;926;93,10;2143;27,80;10858;16,00;11784;5,20;58961;2,60;124537;1,50;eur;
26104;11/04/2026;18:00:00;11/07/2026;19;13;22;15;21;6;17;23;11;1;I;1-6-11-13-15-17-19-21-22-23+I;0;0;5;1000,00;15;500,00;104;100,00;601;50,00;1454;14,00;7179;7,00;7449;2,00;37981;1,00;83259;1,00;eur;
26103;11/04/2026;17:00:00;11/07/2026;1;16;17;7;5;10;11;20;2;21;I;1-2-5-7-10-11-16-17-20-21+I;0;0;1;1000,00;15;500,00;119;100,00;613;50,00;1454;14,00;7406;7,00;7795;2,00;38666;1,00;77853;1,00;eur;
26102;11/04/2026;16:00:00;11/07/2026;8;21;1;25;13;6;22;4;12;20;E;1-4-6-8-12-13-20-21-22-25+E;0;0;2;1000,00;26;500,00;131;100,00;686;50,00;1480;14,00;7587;7,00;7573;2,00;38363;1,00;74521;1,00;eur;
26101;11/04/2026;15:00:00;11/07/2026;2;7;6;8;20;11;25;17;1;9;I;1-2-6-7-8-9-11-17-20-25+I;1;300000,00;1;1000,00;24;500,00;121;100,00;650;50,00;1615;14,00;8210;7,00;8309;2,00;41277;1,00;73360;1,00;eur;
26100;11/04/2026;14:00:00;11/07/2026;19;17;2;22;20;3;13;16;21;5;A;2-3-5-13-16-17-19-20-21-22+A;0;0;0;1000,00;15;500,00;89;100,00;354;50,00;1118;14,00;5395;7,00;6522;2,00;31809;1,00;72452;1,00;eur;
26099;11/04/2026;13:00:00;11/07/2026;24;16;6;20;12;18;8;1;3;19;S;1-3-6-8-12-16-18-19-20-24+S;0;0;5;1000,00;22;500,00;155;100,00;746;50,00;1679;14,00;8113;7,00;8032;2,00;40137;1,00;81861;1,00;eur;
26098;04/04/2026;19:00:00;04/07/2026;15;22;21;8;10;18;25;23;4;16;I;4-8-10-15-16-18-21-22-23-25+I;1;700000,00;1;1000,00;36;500,00;185;100,00;965;50,00;2542;14,00;12624;7,00;13726;2,00;68664;1,00;147655;1,00;eur;
26097;04/04/2026;18:00:00;04/07/2026;12;7;3;4;21;22;9;6;23;10;E;3-4-6-7-9-10-12-21-22-23+E;0;0;3;1000,00;26;500,00;119;100,00;695;50,00;1683;14,00;8537;7,00;9200;2,00;46631;1,00;88659;1,00;eur;
26096;04/04/2026;17:00:00;04/07/2026;18;10;15;14;13;4;17;16;9;12;M;4-9-10-12-13-14-15-16-17-18+M;0;0;11;1000,00;54;500,00;131;100,00;623;50,00;1197;14,00;5867;7,00;6873;2,00;34109;1,00;84925;1,00;eur;
26095;04/04/2026;16:00:00;04/07/2026;12;10;15;18;16;25;7;20;3;6;M;3-6-7-10-12-15-16-18-20-25+M;0;0;3;1000,00;25;500,00;161;100,00;788;50,00;1670;14,00;8297;7,00;8141;2,00;40950;1,00;79140;1,00;eur;
26094;04/04/2026;15:00:00;04/07/2026;24;5;1;22;18;12;16;8;20;10;M;1-5-8-10-12-16-18-20-22-24+M;0;0;9;1000,00;59;500,00;205;100,00;980;50,00;1597;14,00;8222;7,00;7564;2,00;38435;1,00;77600;1,00;eur;
26093;04/04/2026;14:00:00;04/07/2026;5;22;10;25;4;19;13;24;1;18;D;1-4-5-10-13-18-19-22-24-25+D;0;0;2;1000,00;22;500,00;130;100,00;666;50,00;1603;14,00;7841;7,00;7590;2,00;38375;1,00;74180;1,00;eur;
26092;04/04/2026;13:00:00;04/07/2026;24;3;1;14;19;2;13;15;4;25;S;1-2-3-4-13-14-15-19-24-25+S;0;0;6;1000,00;19;500,00;127;100,00;504;50,00;1280;14,00;6292;7,00;7456;2,00;37331;1,00;82749;1,00;eur;
26091;28/03/2026;19:00:00;27/06/2026;6;24;18;21;7;22;20;10;1;15;A;1-6-7-10-15-18-20-21-22-24+A;0;0;12;1400,00;27;981,40;244;181,90;1128;94,30;2613;28,10;13504;16,10;14457;5,30;71649;2,60;149689;1,50;eur;
26090;28/03/2026;18:00:00;27/06/2026;15;11;5;12;1;25;17;24;23;14;D;1-5-11-12-14-15-17-23-24-25+D;0;0;5;1000,00;16;500,00;131;100,00;630;50,00;1685;14,00;8422;7,00;9132;2,00;45781;1,00;97144;1,00;eur;
26089;28/03/2026;17:00:00;27/06/2026;19;24;17;18;23;14;9;16;3;5;M;3-5-9-14-16-17-18-19-23-24+M;0;0;1;1000,00;19;500,00;122;100,00;589;50,00;1532;14,00;7777;7,00;8477;2,00;42812;1,00;91885;1,00;eur;
26088;28/03/2026;16:00:00;27/06/2026;12;2;4;11;1;19;20;6;16;22;A;1-2-4-6-11-12-16-19-20-22+A;0;0;5;1000,00;30;500,00;153;100,00;653;50,00;1646;14,00;8290;7,00;8557;2,00;42565;1,00;87273;1,00;eur;
26087;28/03/2026;15:00:00;27/06/2026;25;21;14;15;9;1;20;18;5;10;E;1-5-9-10-14-15-18-20-21-25+E;0;0;6;1000,00;26;500,00;177;100,00;774;50,00;1649;14,00;8389;7,00;8414;2,00;42368;1,00;85162;1,00;eur;
26086;28/03/2026;14:00:00;27/06/2026;23;12;4;19;8;9;22;17;10;7;E;4-7-8-9-10-12-17-19-22-23+E;1;200000,00;4;1000,00;12;500,00;127;100,00;648;50,00;1599;14,00;8121;7,00;8523;2,00;42168;1,00;82605;1,00;eur;
26085;28/03/2026;13:00:00;27/06/2026;19;9;17;3;16;1;13;24;12;22;I;1-3-9-12-13-16-17-19-22-24+I;0;0;2;1000,00;29;500,00;191;100,00;816;50,00;1822;14,00;9014;7,00;9092;2,00;45932;1,00;93199;1,00;eur;
26084;21/03/2026;19:00:00;20/06/2026;21;2;16;20;24;14;19;23;15;18;E;2-14-15-16-18-19-20-21-23-24+E;0;0;4;2440,00;22;1209,00;216;211,10;960;112,50;2185;34,30;10655;20,80;11808;6,90;58808;3,40;143016;1,60;eur;
26083;21/03/2026;18:00:00;20/06/2026;23;22;4;25;3;6;2;24;16;11;I;2-3-4-6-11-16-22-23-24-25+I;0;0;10;1000,00;14;500,00;153;100,00;685;50,00;1764;14,00;8172;7,00;8936;2,00;44021;1,00;90549;1,00;eur;
26082;21/03/2026;17:00:00;20/06/2026;22;9;19;17;4;6;12;7;15;1;I;1-4-6-7-9-12-15-17-19-22+I;0;0;6;1000,00;44;500,00;203;100,00;956;50,00;1849;14,00;9416;7,00;8775;2,00;43889;1,00;84617;1,00;eur;
26081;21/03/2026;16:00:00;20/06/2026;13;11;15;2;10;17;18;1;3;22;I;1-2-3-10-11-13-15-17-18-22+I;0;0;2;1000,00;16;500,00;87;100,00;460;50,00;1285;14,00;6599;7,00;7710;2,00;38305;1,00;81895;1,00;eur;
26080;21/03/2026;15:00:00;20/06/2026;7;15;16;3;10;25;12;9;11;24;M;3-7-9-10-11-12-15-16-24-25+M;0;0;2;1000,00;18;500,00;100;100,00;558;50,00;1416;14,00;6957;7,00;8031;2,00;40242;1,00;78719;1,00;eur;
26079;21/03/2026;14:00:00;20/06/2026;13;1;5;21;23;25;19;24;18;20;A;1-5-13-18-19-20-21-23-24-25+A;0;0;2;1000,00;19;500,00;103;100,00;563;50,00;1296;14,00;6520;7,00;7224;2,00;35898;1,00;75646;1,00;eur;
26078;21/03/2026;13:00:00;20/06/2026;20;8;14;17;9;2;22;23;6;3;E;2-3-6-8-9-14-17-20-22-23+E;1;100000,00;3;1000,00;24;500,00;157;100,00;704;50,00;1531;14,00;8195;7,00;8206;2,00;41255;1,00;86926;1,00;eur;
26077;14/03/2026;19:00:00;13/06/2026;16;5;17;24;3;23;15;21;25;11;A;3-5-11-15-16-17-21-23-24-25+A;0;0;12;1560,00;56;825,00;198;241,40;1037;117,50;2562;34,20;12529;20,70;13916;6,80;68396;3,40;142894;1,80;eur;
26076;14/03/2026;18:00:00;13/06/2026;22;4;18;24;13;25;6;19;9;8;D;4-6-8-9-13-18-19-22-24-25+D;0;0;4;1000,00;19;500,00;138;100,00;777;50,00;1753;14,00;9174;7,00;9443;2,00;47544;1,00;93644;1,00;eur;
26075;14/03/2026;17:00:00;13/06/2026;15;13;12;2;8;1;22;21;17;23;A;1-2-8-12-13-15-17-21-22-23+A;0;0;5;1000,00;17;500,00;75;100,00;534;50,00;1337;14,00;6741;7,00;7995;2,00;39171;1,00;89537;1,00;eur;
26074;14/03/2026;16:00:00;13/06/2026;20;9;24;13;15;16;11;23;5;12;I;5-9-11-12-13-15-16-20-23-24+I;0;0;4;1000,00;9;500,00;155;100,00;568;50,00;1392;14,00;6704;7,00;7463;2,00;38118;1,00;86191;1,00;eur;
26073;14/03/2026;15:00:00;13/06/2026;15;18;19;2;21;24;7;5;16;25;S;2-5-7-15-16-18-19-21-24-25+S;0;0;5;1000,00;24;500,00;133;100,00;627;50,00;1665;14,00;8050;7,00;8309;2,00;41101;1,00;83866;1,00;eur;
26072;14/03/2026;14:00:00;13/06/2026;7;2;11;3;14;9;22;23;4;20;D;2-3-4-7-9-11-14-20-22-23+D;0;0;1;1000,00;12;500,00;134;100,00;698;50,00;1687;14,00;8184;7,00;8513;2,00;41704;1,00;79292;1,00;eur;
26071;14/03/2026;13:00:00;13/06/2026;9;6;7;15;23;12;17;22;2;16;D;2-6-7-9-12-15-16-17-22-23+D;0;0;6;1000,00;21;500,00;128;100,00;691;50,00;1671;14,00;8154;7,00;8903;2,00;44090;1,00;97859;1,00;eur;
26070;07/03/2026;19:00:00;06/06/2026;14;19;8;21;6;4;5;1;22;25;E;1-4-5-6-8-14-19-21-22-25+E;0;0;8;1840,00;27;1174,00;194;244,30;1008;119,40;2418;35,40;12643;20,60;13373;7,00;66762;3,50;134136;1,80;eur;
26069;07/03/2026;18:00:00;06/06/2026;22;23;12;15;14;5;20;24;13;16;E;5-12-13-14-15-16-20-22-23-24+E;0;0;1;1000,00;10;500,00;97;100,00;510;50,00;1233;14,00;6159;7,00;7263;2,00;35807;1,00;91365;1,00;eur;
26068;07/03/2026;17:00:00;06/06/2026;12;20;1;17;8;11;16;18;14;19;S;1-8-11-12-14-16-17-18-19-20+S;0;0;4;1000,00;9;500,00;101;100,00;494;50,00;1135;14,00;6036;7,00;7051;2,00;35048;1,00;86017;1,00;eur;
26067;07/03/2026;16:00:00;06/06/2026;4;5;24;11;6;12;3;20;18;21;A;3-4-5-6-11-12-18-20-21-24+A;0;0;5;1000,00;17;500,00;117;100,00;573;50,00;1475;14,00;7338;7,00;8063;2,00;40481;1,00;80522;1,00;eur;
26066;07/03/2026;15:00:00;06/06/2026;3;6;10;4;8;14;18;7;13;1;S;1-3-4-6-7-8-10-13-14-18+S;0;0;5;1000,00;21;500,00;161;100,00;764;50,00;1781;14,00;8756;7,00;8794;2,00;44178;1,00;77032;1,00;eur;
26065;07/03/2026;14:00:00;06/06/2026;20;15;22;10;18;4;3;21;14;17;I;3-4-10-14-15-17-18-20-21-22+I;0;0;2;1000,00;11;500,00;83;100,00;355;50,00;1044;14,00;5128;7,00;6142;2,00;31310;1,00;76698;1,00;eur;
26064;07/03/2026;13:00:00;06/06/2026;11;15;8;17;18;19;20;1;21;7;A;1-7-8-11-15-17-18-19-20-21+A;0;0;2;1000,00;17;500,00;95;100,00;493;50,00;1360;14,00;6656;7,00;8143;2,00;39897;1,00;88434;1,00;eur;
26063;28/02/2026;19:00:00;30/05/2026;5;17;24;1;10;15;9;19;22;21;A;1-5-9-10-15-17-19-21-22-24+A;0;0;7;1960,00;32;1068,70;192;245,80;1033;117,70;2254;37,00;11540;21,90;12163;7,50;60620;3,80;126935;1,90;eur;
26062;28/02/2026;18:00:00;30/05/2026;16;8;19;18;20;4;17;15;24;5;A;4-5-8-15-16-17-18-19-20-24+A;0;0;4;1000,00;15;500,00;96;100,00;503;50,00;1297;14,00;6313;7,00;7412;2,00;36693;1,00;88723;1,00;eur;
26061;28/02/2026;17:00:00;30/05/2026;6;5;17;23;12;4;3;13;14;21;S;3-4-5-6-12-13-14-17-21-23+S;0;0;4;1000,00;16;500,00;130;100,00;566;50,00;1449;14,00;7199;7,00;7962;2,00;39480;1,00;83405;1,00;eur;
26060;28/02/2026;16:00:00;30/05/2026;19;3;17;2;11;21;16;25;9;6;S;2-3-6-9-11-16-17-19-21-25+S;0;0;6;1000,00;27;500,00;140;100,00;743;50,00;1537;14,00;7750;7,00;7885;2,00;38755;1,00;79021;1,00;eur;
26059;28/02/2026;15:00:00;30/05/2026;25;12;7;19;14;18;8;9;10;5;M;5-7-8-9-10-12-14-18-19-25+M;0;0;5;1000,00;14;500,00;133;100,00;615;50,00;1544;14,00;7871;7,00;8499;2,00;41317;1,00;75396;1,00;eur;
26058;28/02/2026;14:00:00;30/05/2026;22;11;3;24;18;1;4;2;23;21;A;1-2-3-4-11-18-21-22-23-24+A;0;0;7;1000,00;11;500,00;124;100,00;595;50,00;1150;14,00;5943;7,00;6779;2,00;33468;1,00;73108;1,00;eur;
26057;28/02/2026;13:00:00;30/05/2026;1;2;24;10;7;12;8;14;18;25;M;1-2-7-8-10-12-14-18-24-25+M;0;0;3;1000,00;17;500,00;166;100,00;776;50,00;1698;14,00;8552;7,00;8761;2,00;42789;1,00;78558;1,00;eur;
26056;21/02/2026;19:00:00;23/05/2026;25;7;19;14;10;11;2;15;23;4;I;2-4-7-10-11-14-15-19-23-25+I;0;0;7;1548,50;31;835,40;198;180,80;1004;89,80;2291;26,90;11051;15,90;11011;5,50;55479;2,70;111383;1,50;eur;
26055;21/02/2026;18:00:00;23/05/2026;14;7;5;25;17;8;12;23;22;2;M;2-5-7-8-12-14-17-22-23-25+M;0;0;2;1000,00;37;500,00;200;100,00;883;50,00;1708;14,00;9202;7,00;8686;2,00;43327;1,00;82115;1,00;eur;
26054;21/02/2026;17:00:00;23/05/2026;4;1;14;23;9;20;21;5;2;24;S;1-2-4-5-9-14-20-21-23-24+S;0;0;3;1000,00;18;500,00;93;100,00;550;50,00;1442;14,00;6969;7,00;7630;2,00;38073;1,00;79408;1,00;eur;
26053;21/02/2026;16:00:00;23/05/2026;13;19;18;9;25;23;21;16;5;17;D;5-9-13-16-17-18-19-21-23-25+D;0;0;2;1000,00;5;500,00;107;100,00;559;50,00;1472;14,00;7075;7,00;7099;2,00;35640;1,00;75973;1,00;eur;
26052;21/02/2026;15:00:00;23/05/2026;10;22;13;2;16;4;14;5;21;7;M;2-4-5-7-10-13-14-16-21-22+M;1;300000,00;0;1000,00;21;500,00;132;100,00;609;50,00;1490;14,00;7066;7,00;7570;2,00;37204;1,00;75491;1,00;eur;
26051;21/02/2026;14:00:00;23/05/2026;1;9;2;16;15;11;22;3;12;24;A;1-2-3-9-11-12-15-16-22-24+A;0;0;1;1000,00;12;500,00;74;100,00;447;50,00;1238;14,00;5973;7,00;6674;2,00;33829;1,00;72674;1,00;eur;
26050;21/02/2026;13:00:00;23/05/2026;3;15;1;25;23;5;4;14;21;10;D;1-3-4-5-10-14-15-21-23-25+D;0;0;4;1000,00;33;500,00;133;100,00;652;50,00;1559;14,00;7954;7,00;8087;2,00;40666;1,00;79540;1,00;eur;
26049;14/02/2026;19:00:00;16/05/2026;24;23;5;8;9;20;17;1;13;14;E;1-5-8-9-13-14-17-20-23-24+E;2;350000,00;6;1000,00;37;500,00;213;100,00;1082;50,00;2602;14,00;12833;7,00;13163;2,00;65425;1,00;138355;1,00;eur;
26048;14/02/2026;18:00:00;16/05/2026;24;1;14;8;19;22;18;4;23;10;A;1-4-8-10-14-18-19-22-23-24+A;0;0;3;1000,00;23;500,00;152;100,00;672;50,00;1558;14,00;8005;7,00;8538;2,00;43213;1,00;96458;1,00;eur;
26047;14/02/2026;17:00:00;16/05/2026;20;3;4;1;7;11;8;13;12;23;E;1-3-4-7-8-11-12-13-20-23+E;0;0;5;1000,00;42;500,00;189;100,00;886;50,00;1970;14,00;9764;7,00;9783;2,00;49426;1,00;89187;1,00;eur;
26046;14/02/2026;16:00:00;16/05/2026;25;9;2;20;3;4;5;12;1;18;E;1-2-3-4-5-9-12-18-20-25+E;0;0;3;1000,00;18;500,00;175;100,00;846;50,00;2040;14,00;10291;7,00;10052;2,00;50767;1,00;83554;1,00;eur;
26045;14/02/2026;15:00:00;16/05/2026;24;14;6;17;10;8;18;1;13;4;I;1-4-6-8-10-13-14-17-18-24+I;0;0;9;1000,00;18;500,00;142;100,00;717;50,00;1570;14,00;7992;7,00;8157;2,00;40338;1,00;83748;1,00;eur;
26044;14/02/2026;14:00:00;16/05/2026;6;16;8;18;19;5;7;3;17;20;S;3-5-6-7-8-16-17-18-19-20+S;0;0;4;1000,00;28;500,00;128;100,00;632;50,00;1324;14,00;6681;7,00;7516;2,00;37388;1,00;80789;1,00;eur;
26043;14/02/2026;13:00:00;16/05/2026;17;4;20;1;15;2;16;23;5;21;S;1-2-4-5-15-16-17-20-21-23+S;0;0;2;1000,00;11;500,00;92;100,00;499;50,00;1204;14,00;6186;7,00;7384;2,00;37111;1,00;91074;1,00;eur;
26042;07/02/2026;19:00:00;09/05/2026;23;4;10;5;14;18;17;1;16;25;E;1-4-5-10-14-16-17-18-23-25+E;0;0;5;1384,00;27;692,50;160;150,00;814;74,50;2006;21,30;9773;12,00;10759;3,80;55018;1,80;119444;1,20;eur;
26041;07/02/2026;18:00:00;09/05/2026;7;10;8;25;3;4;9;11;12;21;E;3-4-7-8-9-10-11-12-21-25+E;0;0;5;1000,00;22;500,00;166;100,00;844;50,00;1882;14,00;9707;7,00;10138;2,00;49704;1,00;88123;1,00;eur;
26040;07/02/2026;17:00:00;09/05/2026;3;8;17;21;9;11;4;16;19;2;D;2-3-4-8-9-11-16-17-19-21+D;1;500000,00;4;1000,00;20;500,00;119;100,00;613;50,00;1577;14,00;7922;7,00;8705;2,00;43816;1,00;88957;1,00;eur;
26039;07/02/2026;16:00:00;09/05/2026;19;16;15;17;21;4;9;1;5;22;A;1-4-5-9-15-16-17-19-21-22+A;0;0;3;1000,00;20;500,00;99;100,00;533;50,00;1324;14,00;6677;7,00;7642;2,00;37902;1,00;85598;1,00;eur;
26038;07/02/2026;15:00:00;09/05/2026;3;6;15;24;11;9;14;8;13;22;E;3-6-8-9-11-13-14-15-22-24+E;0;0;3;1000,00;18;500,00;146;100,00;649;50,00;1546;14,00;7813;7,00;7966;2,00;39775;1,00;82132;1,00;eur;
26037;07/02/2026;14:00:00;09/05/2026;7;20;12;16;2;18;10;15;23;25;I;2-7-10-12-15-16-18-20-23-25+I;0;0;5;1000,00;36;500,00;165;100,00;862;50,00;1673;14,00;7965;7,00;7853;2,00;39057;1,00;78029;1,00;eur;
26036;07/02/2026;13:00:00;09/05/2026;23;19;16;12;18;14;8;4;13;17;E;4-8-12-13-14-16-17-18-19-23+E;0;0;4;1000,00;14;500,00;95;100,00;434;50,00;1238;14,00;6109;7,00;7022;2,00;34831;1,00;87205;1,00;eur;
26035;31/01/2026;19:00:00;02/05/2026;12;1;3;25;14;17;7;24;9;21;E;1-3-7-9-12-14-17-21-24-25+E;0;0;17;1338,80;75;708,00;310;177,40;1460;91,00;2961;29,00;14844;16,90;13863;6,10;69666;3,00;130219;1,70;eur;
26034;31/01/2026;18:00:00;02/05/2026;23;5;14;6;16;11;19;24;13;25;M;5-6-11-13-14-16-19-23-24-25+M;0;0;4;1000,00;11;500,00;115;100,00;604;50,00;1422;14,00;7639;7,00;8484;2,00;43123;1,00;95120;1,00;eur;
26033;31/01/2026;17:00:00;02/05/2026;19;16;25;12;21;5;7;6;3;23;A;3-5-6-7-12-16-19-21-23-25+A;0;0;6;1000,00;29;500,00;184;100,00;878;50,00;1839;14,00;9450;7,00;9427;2,00;46767;1,00;87800;1,00;eur;
26032;31/01/2026;16:00:00;02/05/2026;8;3;6;19;2;12;5;4;20;16;A;2-3-4-5-6-8-12-16-19-20+A;0;0;5;1000,00;16;500,00;141;100,00;707;50,00;1775;14,00;8499;7,00;8851;2,00;44379;1,00;83542;1,00;eur;
26031;31/01/2026;15:00:00;02/05/2026;4;6;19;17;20;13;24;15;8;25;A;4-6-8-13-15-17-19-20-24-25+A;0;0;3;1000,00;30;500,00;150;100,00;614;50,00;1513;14,00;7341;7,00;7834;2,00;38985;1,00;82659;1,00;eur;
26030;31/01/2026;14:00:00;02/05/2026;11;7;1;15;23;5;14;12;4;18;M;1-4-5-7-11-12-14-15-18-23+M;0;0;2;1000,00;19;500,00;135;100,00;649;50,00;1544;14,00;7778;7,00;8171;2,00;40813;1,00;78402;1,00;eur;
26029;31/01/2026;13:00:00;02/05/2026;12;24;5;2;21;13;10;18;1;6;D;1-2-5-6-10-12-13-18-21-24+D;1;100000,00;6;1000,00;29;500,00;155;100,00;773;50,00;1749;14,00;8576;7,00;8721;2,00;43592;1,00;86886;1,00;eur;
26028;24/01/2026;19:00:00;25/04/2026;6;15;24;7;18;3;5;25;4;9;E;3-4-5-6-7-9-15-18-24-25+E;1;700000,00;6;1000,00;42;500,00;265;100,00;1221;50,00;2979;14,00;15091;7,00;15698;2,00;77149;1,00;139694;1,00;eur;
26027;24/01/2026;18:00:00;25/04/2026;24;21;1;2;7;8;25;14;5;16;I;1-2-5-7-8-14-16-21-24-25+I;0;0;4;1000,00;19;500,00;161;100,00;712;50,00;1762;14,00;8951;7,00;9408;2,00;47849;1,00;96792;1,00;eur;
26026;24/01/2026;17:00:00;25/04/2026;8;21;15;9;1;12;16;3;24;20;D;1-3-8-9-12-15-16-20-21-24+D;0;0;3;1000,00;21;500,00;147;100,00;734;50,00;1654;14,00;8301;7,00;8631;2,00;43095;1,00;92270;1,00;eur;
26025;24/01/2026;16:00:00;25/04/2026;4;14;24;10;12;16;2;25;11;13;A;2-4-10-11-12-13-14-16-24-25+A;0;0;4;1000,00;14;500,00;117;100,00;533;50,00;1359;14,00;7095;7,00;7987;2,00;40549;1,00;88053;1,00;eur;
26024;24/01/2026;15:00:00;25/04/2026;18;2;1;9;5;23;22;16;14;6;D;1-2-5-6-9-14-16-18-22-23+D;0;0;2;1000,00;16;500,00;117;100,00;527;50,00;1409;14,00;7028;7,00;7779;2,00;39432;1,00;86803;1,00;eur;
26023;24/01/2026;14:00:00;25/04/2026;8;1;18;25;3;11;2;14;5;20;D;1-2-3-5-8-11-14-18-20-25+D;0;0;6;1000,00;29;500,00;200;100,00;939;50,00;1788;14,00;9524;7,00;8778;2,00;44754;1,00;81036;1,00;eur;
26022;24/01/2026;13:00:00;25/04/2026;15;22;7;13;18;11;24;5;23;1;M;1-5-7-11-13-15-18-22-23-24+M;0;0;7;1000,00;24;500,00;180;100,00;837;50,00;1897;14,00;9330;7,00;9439;2,00;46588;1,00;89649;1,00;eur;
26021;17/01/2026;19:00:00;18/04/2026;19;23;22;14;21;4;11;15;25;20;S;4-11-14-15-19-20-21-22-23-25+S;0;0;5;1192,00;20;630,00;161;124,80;815;62,20;1859;17,90;9516;9,50;10884;2,80;53447;1,40;126212;1,10;eur;
26020;17/01/2026;18:00:00;18/04/2026;8;11;2;24;15;20;6;4;23;18;E;2-4-6-8-11-15-18-20-23-24+E;2;300000,00;8;1000,00;68;500,00;224;100,00;1252;50,00;2167;14,00;10905;7,00;9582;2,00;48941;1,00;99855;1,00;eur;
26019;17/01/2026;17:00:00;18/04/2026;8;19;22;11;12;9;6;14;24;4;S;4-6-8-9-11-12-14-19-22-24+S;0;0;8;1000,00;34;500,00;169;100,00;929;50,00;1832;14,00;9410;7,00;9331;2,00;46970;1,00;95912;1,00;eur;
26018;17/01/2026;16:00:00;18/04/2026;17;7;6;18;16;11;2;12;22;1;I;1-2-6-7-11-12-16-17-18-22+I;0;0;7;1000,00;33;500,00;130;100,00;645;50,00;1613;14,00;7910;7,00;8656;2,00;42981;1,00;92197;1,00;eur;
26017;17/01/2026;15:00:00;18/04/2026;18;6;7;2;23;13;4;20;21;11;E;2-4-6-7-11-13-18-20-21-23+E;0;0;3;1000,00;29;500,00;169;100,00;865;50,00;1764;14,00;9081;7,00;9145;2,00;45288;1,00;87635;1,00;eur;
26016;17/01/2026;14:00:00;18/04/2026;17;24;22;25;4;19;14;11;10;23;M;4-10-11-14-17-19-22-23-24-25+M;0;0;4;1000,00;15;500,00;106;100,00;538;50,00;1334;14,00;6734;7,00;7314;2,00;36896;1,00;85656;1,00;eur;
26015;17/01/2026;13:00:00;18/04/2026;16;7;18;11;5;2;24;20;3;6;M;2-3-5-6-7-11-16-18-20-24+M;0;0;4;1000,00;20;500,00;157;100,00;781;50,00;1978;14,00;9484;7,00;9816;2,00;48526;1,00;91296;1,00;eur;
26014;10/01/2026;19:00:00;11/04/2026;5;13;17;9;21;16;22;15;4;3;E;3-4-5-9-13-15-16-17-21-22+E;0;0;4;2680,00;24;1258,30;194;244,30;889;128,70;2355;36,00;11676;21,70;13105;7,10;65052;3,60;140461;1,80;eur;
26013;10/01/2026;18:00:00;11/04/2026;15;17;16;5;24;8;25;23;11;3;I;3-5-8-11-15-16-17-23-24-25+I;0;0;4;1000,00;25;500,00;119;100,00;768;50,00;1715;14,00;8651;7,00;9367;2,00;47620;1,00;102641;1,00;eur;
26012;10/01/2026;17:00:00;11/04/2026;10;16;1;25;3;18;7;6;11;14;A;1-3-6-7-10-11-14-16-18-25+A;0;0;4;1000,00;31;500,00;172;100,00;992;50,00;2077;14,00;10128;7,00;10084;2,00;50193;1,00;96855;1,00;eur;
26011;10/01/2026;16:00:00;11/04/2026;21;19;23;16;12;9;4;7;6;13;D;4-6-7-9-12-13-16-19-21-23+D;0;0;5;1000,00;35;500,00;170;100,00;918;50,00;1818;14,00;9356;7,00;9057;2,00;46042;1,00;92460;1,00;eur;
26010;10/01/2026;15:00:00;11/04/2026;22;3;7;24;1;17;23;8;4;12;A;1-3-4-7-8-12-17-22-23-24+A;0;0;3;1000,00;25;500,00;149;100,00;785;50,00;1785;14,00;8837;7,00;9327;2,00;46107;1,00;90064;1,00;eur;
26009;10/01/2026;14:00:00;11/04/2026;18;19;12;21;13;9;7;5;20;15;S;5-7-9-12-13-15-18-19-20-21+S;0;0;3;1000,00;22;500,00;136;100,00;686;50,00;1766;14,00;8791;7,00;8874;2,00;44176;1,00;85464;1,00;eur;
26008;10/01/2026;13:00:00;11/04/2026;20;11;21;25;13;7;16;6;15;24;I;6-7-11-13-15-16-20-21-24-25+I;0;0;3;1000,00;18;500,00;121;100,00;653;50,00;1592;14,00;8012;7,00;8693;2,00;44160;1,00;94840;1,00;eur;
26007;03/01/2026;19:00:00;04/04/2026;23;6;8;4;19;9;14;5;1;18;E;1-4-5-6-8-9-14-18-19-23+E;0;0;6;1480,00;34;729,40;211;156,80;976;80,70;2374;23,30;11445;13,40;12218;4,30;60940;2,10;129298;1,30;eur;
26006;03/01/2026;18:00:00;04/04/2026;7;5;19;2;4;18;3;14;6;12;I;2-3-4-5-6-7-12-14-18-19+I;0;0;5;1000,00;20;500,00;148;100,00;779;50,00;1769;14,00;9356;7,00;10256;2,00;50931;1,00;98728;1,00;eur;
26005;03/01/2026;17:00:00;04/04/2026;2;1;25;5;22;7;11;18;19;4;M;1-2-4-5-7-11-18-19-22-25+M;0;0;4;1000,00;27;500,00;196;100,00;966;50,00;2163;14,00;11095;7,00;10653;2,00;53828;1,00;93354;1,00;eur;
26004;03/01/2026;16:00:00;04/04/2026;14;22;13;20;4;8;2;17;23;3;I;2-3-4-8-13-14-17-20-22-23+I;1;400000,00;4;1000,00;22;500,00;137;100,00;687;50,00;1645;14,00;8443;7,00;9134;2,00;45339;1,00;94704;1,00;eur;
26003;03/01/2026;15:00:00;04/04/2026;12;21;17;5;24;14;18;6;15;7;M;5-6-7-12-14-15-17-18-21-24+M;0;0;3;1000,00;16;500,00;118;100,00;629;50,00;1514;14,00;7471;7,00;8148;2,00;41739;1,00;92681;1,00;eur;
26002;03/01/2026;14:00:00;04/04/2026;23;5;10;25;4;11;7;2;12;6;A;2-4-5-6-7-10-11-12-23-25+A;0;0;4;1000,00;29;500,00;147;100,00;806;50,00;1908;14,00;9333;7,00;9433;2,00;47613;1,00;84893;1,00;eur;
26001;03/01/2026;13:00:00;04/04/2026;5;25;9;19;15;21;7;1;16;13;D;1-5-7-9-13-15-16-19-21-25+D;0;0;15;1000,00;70;500,00;281;100,00;1269;50,00;2514;14,00;12560;7,00;10940;2,00;53792;1,00;96493;1,00;eur;
25364;27/12/2025;19:00:00;28/03/2026;1;5;3;12;20;22;25;17;24;19;A;1-3-5-12-17-19-20-22-24-25+A;0;0;2;3880,00;42;871,40;247;197,10;1256;97,70;2798;29,80;13966;17,50;14194;6,10;70058;3,00;137995;1,70;eur;
25363;27/12/2025;18:00:00;28/03/2026;22;18;7;5;25;23;2;9;3;19;D;2-3-5-7-9-18-19-22-23-25+D;0;0;7;1000,00;20;500,00;192;100,00;1045;50,00;2332;14,00;11414;7,00;11381;2,00;57262;1,00;102238;1,00;eur;
25362;27/12/2025;17:00:00;28/03/2026;15;3;5;22;7;2;25;6;18;4;E;2-3-4-5-6-7-15-18-22-25+E;0;0;3;1000,00;26;500,00;165;100,00;842;50,00;1941;14,00;9756;7,00;10578;2,00;52820;1,00;98389;1,00;eur;
25361;27/12/2025;16:00:00;28/03/2026;14;19;15;5;13;3;18;7;11;9;E;3-5-7-9-11-13-14-15-18-19+E;0;0;13;1000,00;33;500,00;228;100,00;1188;50,00;1944;14,00;10262;7,00;9963;2,00;49712;1,00;94202;1,00;eur;
25360;27/12/2025;15:00:00;28/03/2026;20;5;23;22;1;25;9;13;8;3;M;1-3-5-8-9-13-20-22-23-25+M;0;0;5;1000,00;33;500,00;199;100,00;1004;50,00;2194;14,00;11103;7,00;10450;2,00;52453;1,00;90762;1,00;eur;
25359;27/12/2025;14:00:00;28/03/2026;25;9;5;23;22;14;15;20;12;7;D;5-7-9-12-14-15-20-22-23-25+D;0;0;3;1000,00;27;500,00;162;100,00;796;50,00;1747;14,00;8792;7,00;9105;2,00;44742;1,00;88195;1,00;eur;
25358;27/12/2025;13:00:00;28/03/2026;5;12;18;23;19;11;16;7;15;1;S;1-5-7-11-12-15-16-18-19-23+S;1;100000,00;3;1000,00;16;500,00;126;100,00;706;50,00;1714;14,00;8621;7,00;9559;2,00;48348;1,00;102742;1,00;eur;
25357;20/12/2025;19:00:00;21/03/2026;5;7;25;13;21;15;8;23;4;20;S;4-5-7-8-13-15-20-21-23-25+S;0;0;6;1320,00;29;679,30;217;136,80;1020;69,60;2592;19,70;12982;10,70;13515;3,40;68488;1,70;132631;1,20;eur;
25356;20/12/2025;18:00:00;21/03/2026;19;16;5;18;17;6;7;2;25;13;E;2-5-6-7-13-16-17-18-19-25+E;0;0;3;1000,00;28;500,00;164;100,00;833;50,00;1920;14,00;9754;7,00;10447;2,00;52041;1,00;106499;1,00;eur;
25355;20/12/2025;17:00:00;21/03/2026;8;17;11;21;2;14;25;24;16;4;I;2-4-8-11-14-16-17-21-24-25+I;1;500000,00;4;1000,00;27;500,00;173;100,00;973;50,00;1956;14,00;9761;7,00;10195;2,00;50380;1,00;107456;1,00;eur;
25354;20/12/2025;16:00:00;21/03/2026;15;9;23;10;5;3;17;21;11;8;E;3-5-8-9-10-11-15-17-21-23+E;0;0;5;1000,00;38;500,00;190;100,00;911;50,00;2098;14,00;10493;7,00;10491;2,00;52136;1,00;102275;1,00;eur;
25353;20/12/2025;15:00:00;21/03/2026;14;19;4;22;8;6;25;17;3;2;D;2-3-4-6-8-14-17-19-22-25+D;0;0;11;1000,00;46;500,00;210;100,00;925;50,00;2043;14,00;10081;7,00;9880;2,00;49083;1,00;98070;1,00;eur;
25352;20/12/2025;14:00:00;21/03/2026;25;18;19;5;20;17;11;23;21;24;E;5-11-17-18-19-20-21-23-24-25+E;0;0;5;1000,00;28;500,00;111;100,00;686;50,00;1370;14,00;6595;7,00;7733;2,00;39304;1,00;95476;1,00;eur;
25351;20/12/2025;13:00:00;21/03/2026;23;10;22;6;1;20;19;18;3;11;E;1-3-6-10-11-18-19-20-22-23+E;0;0;4;1000,00;19;500,00;157;100,00;669;50,00;1682;14,00;8614;7,00;9578;2,00;48353;1,00;105191;1,00;eur;
25350;13/12/2025;19:00:00;14/03/2026;6;22;11;13;24;8;5;3;21;14;S;3-5-6-8-11-13-14-21-22-24+S;0;0;4;1720,00;22;854,50;205;158,50;1110;77,00;2571;22,60;12864;12,70;13642;4,10;68599;2,00;141132;1,30;eur;
25349;13/12/2025;18:00:00;14/03/2026;24;9;23;13;3;8;12;14;20;21;M;3-8-9-12-13-14-20-21-23-24+M;0;0;8;1000,00;23;500,00;138;100,00;704;50,00;1763;14,00;9029;7,00;10237;2,00;51436;1,00;111886;1,00;eur;
25348;13/12/2025;17:00:00;14/03/2026;22;11;12;9;13;24;23;16;10;5;I;5-9-10-11-12-13-16-22-23-24+I;0;0;5;1000,00;15;500,00;121;100,00;588;50,00;1601;14,00;8015;7,00;9332;2,00;47409;1,00;109193;1,00;eur;
25347;13/12/2025;16:00:00;14/03/2026;17;4;18;7;22;10;6;21;8;20;A;4-6-7-8-10-17-18-20-21-22+A;1;300000,00;5;1000,00;14;500,00;156;100,00;766;50,00;1823;14,00;9346;7,00;10392;2,00;51891;1,00;106574;1,00;eur;
25346;13/12/2025;15:00:00;14/03/2026;1;22;7;16;2;23;5;4;12;19;M;1-2-4-5-7-12-16-19-22-23+M;0;0;4;1000,00;33;500,00;165;100,00;863;50,00;1999;14,00;9831;7,00;10455;2,00;51126;1,00;103432;1,00;eur;
25345;13/12/2025;14:00:00;14/03/2026;22;6;12;14;21;15;1;20;24;3;S;1-3-6-12-14-15-20-21-22-24+S;0;0;5;1000,00;17;500,00;139;100,00;753;50,00;1714;14,00;8720;7,00;9128;2,00;46187;1,00;99949;1,00;eur;
25344;13/12/2025;13:00:00;14/03/2026;16;17;19;10;24;7;5;2;18;6;E;2-5-6-7-10-16-17-18-19-24+E;1;100000,00;4;1000,00;17;500,00;141;100,00;799;50,00;1874;14,00;9891;7,00;10703;2,00;53170;1,00;115446;1,00;eur;
25343;06/12/2025;19:00:00;07/03/2026;19;12;8;18;5;20;14;1;9;2;D;1-2-5-8-9-12-14-18-19-20+D;1;100000,00;5;1000,00;35;500,00;237;100,00;1176;50,00;2768;14,00;14153;7,00;15041;2,00;74651;1,00;152244;1,00;eur;
25342;06/12/2025;18:00:00;07/03/2026;21;15;22;1;23;19;4;5;7;3;M;1-3-4-5-7-15-19-21-22-23+M;1;100000,00;10;1000,00;24;500,00;182;100,00;783;50,00;2085;14,00;10770;7,00;11910;2,00;58581;1,00;121860;1,00;eur;
25341;06/12/2025;17:00:00;07/03/2026;2;19;10;9;14;4;16;21;23;12;E;2-4-9-10-12-14-16-19-21-23+E;1;500000,00;15;1000,00;61;500,00;208;100,00;1146;50,00;2232;14,00;11220;7,00;11130;2,00;56134;1,00;122682;1,00;eur;
25340;06/12/2025;16:00:00;07/03/2026;8;2;15;4;9;22;23;16;3;12;A;2-3-4-8-9-12-15-16-22-23+A;0;0;4;1000,00;28;500,00;153;100,00;791;50,00;1875;14,00;9756;7,00;10928;2,00;54645;1,00;117808;1,00;eur;
25339;06/12/2025;15:00:00;07/03/2026;16;14;9;25;20;15;21;13;3;6;I;3-6-9-13-14-15-16-20-21-25+I;0;0;4;1000,00;36;500,00;164;100,00;762;50,00;1921;14,00;10032;7,00;10744;2,00;54471;1,00;116355;1,00;eur;
25338;06/12/2025;14:00:00;07/03/2026;25;24;17;20;22;4;12;8;21;1;M;1-4-8-12-17-20-21-22-24-25+M;0;0;10;1000,00;34;500,00;184;100,00;936;50,00;2049;14,00;10617;7,00;10880;2,00;54881;1,00;110951;1,00;eur;
25337;06/12/2025;13:00:00;07/03/2026;15;16;9;7;18;10;21;17;25;2;A;2-7-9-10-15-16-17-18-21-25+A;0;0;5;1000,00;17;500,00;165;100,00;923;50,00;2241;14,00;11126;7,00;12494;2,00;62897;1,00;130220;1,00;eur;
25336;29/11/2025;19:00:00;28/02/2026;21;11;9;20;4;14;22;3;19;23;D;3-4-9-11-14-19-20-21-22-23+D;0;0;6;1320,00;37;640,50;195;141,00;964;70,70;2417;20,10;12351;10,90;13880;3,30;68922;1,70;156075;1,20;eur;
25335;29/11/2025;18:00:00;28/02/2026;16;3;11;24;5;17;4;14;10;6;E;3-4-5-6-10-11-14-16-17-24+E;0;0;6;1000,00;21;500,00;161;100,00;755;50,00;1952;14,00;9806;7,00;11138;2,00;55317;1,00;123527;1,00;eur;
25334;29/11/2025;17:00:00;28/02/2026;17;18;7;9;10;14;2;23;5;3;A;2-3-5-7-9-10-14-17-18-23+A;1;500000,00;11;1000,00;36;500,00;203;100,00;1079;50,00;2437;14,00;12237;7,00;12594;2,00;62833;1,00;120433;1,00;eur;
25333;29/11/2025;16:00:00;28/02/2026;17;5;2;18;13;22;11;8;1;4;E;1-2-4-5-8-11-13-17-18-22+E;0;0;8;1000,00;26;500,00;187;100,00;962;50,00;2277;14,00;11571;7,00;11817;2,00;59638;1,00;116904;1,00;eur;
25332;29/11/2025;15:00:00;28/02/2026;11;24;20;18;25;1;22;15;9;4;D;1-4-9-11-15-18-20-22-24-25+D;0;0;13;1000,00;58;500,00;234;100,00;1202;50,00;2374;14,00;12006;7,00;11630;2,00;58444;1,00;115266;1,00;eur;
25331;29/11/2025;14:00:00;28/02/2026;6;19;1;14;15;16;8;3;11;25;S;1-3-6-8-11-14-15-16-19-25+S;0;0;7;1000,00;52;500,00;212;100,00;977;50,00;2190;14,00;10667;7,00;10639;2,00;53681;1,00;110836;1,00;eur;
25330;29/11/2025;13:00:00;28/02/2026;7;4;12;14;13;16;9;22;20;8;I;4-7-8-9-12-13-14-16-20-22+I;0;0;7;1000,00;24;500,00;177;100,00;919;50,00;2260;14,00;11651;7,00;12310;2,00;61991;1,00;124925;1,00;eur;
25329;22/11/2025;19:00:00;21/02/2026;16;1;24;13;7;23;17;6;18;19;M;1-6-7-13-16-17-18-19-23-24+M;0;0;5;1192,00;30;586,60;222;118,00;1019;59,80;2444;17,00;12970;8,80;14594;2,60;73928;1,30;162448;1,10;eur;
25328;22/11/2025;18:00:00;21/02/2026;6;8;25;2;24;18;7;23;14;20;I;2-6-7-8-14-18-20-23-24-25+I;1;300000,00;10;1000,00;52;500,00;296;100,00;1396;50,00;2649;14,00;13448;7,00;12833;2,00;62718;1,00;127012;1,00;eur;
25327;22/11/2025;17:00:00;21/02/2026;8;11;15;25;20;18;6;12;19;2;S;2-6-8-11-12-15-18-19-20-25+S;0;0;4;1000,00;33;500,00;201;100,00;1022;50,00;2404;14,00;12021;7,00;12356;2,00;62392;1,00;122431;1,00;eur;
25326;22/11/2025;16:00:00;21/02/2026;12;21;1;19;8;15;20;2;24;22;A;1-2-8-12-15-19-20-21-22-24+A;0;0;6;1000,00;23;500,00;154;100,00;701;50,00;1857;14,00;9423;7,00;10552;2,00;54039;1,00;121262;1,00;eur;
25325;22/11/2025;15:00:00;21/02/2026;8;18;3;7;12;10;17;20;2;15;M;2-3-7-8-10-12-15-17-18-20+M;1;300000,00;7;1000,00;37;500,00;230;100,00;1051;50,00;2484;14,00;12260;7,00;12486;2,00;62373;1,00;119411;1,00;eur;
25324;22/11/2025;14:00:00;21/02/2026;9;4;24;21;15;18;11;20;3;23;D;3-4-9-11-15-18-20-21-23-24+D;0;0;7;1000,00;31;500,00;161;100,00;818;50,00;1989;14,00;9871;7,00;10685;2,00;53414;1,00;115934;1,00;eur;
25323;22/11/2025;13:00:00;21/02/2026;9;8;2;5;4;22;6;25;3;24;D;2-3-4-5-6-8-9-22-24-25+D;0;0;6;1000,00;39;500,00;231;100,00;1109;50,00;2485;14,00;12213;7,00;13540;2,00;67367;1,00;133947;1,00;eur;
25322;15/11/2025;19:00:00;14/02/2026;3;9;22;13;16;2;25;1;20;12;E;1-2-3-9-12-13-16-20-22-25+E;0;0;10;1192,00;49;606,10;316;125,30;1607;62,40;3541;18,10;17377;9,80;18031;3,00;90125;1,50;175515;1,10;eur;
25321;15/11/2025;18:00:00;14/02/2026;6;4;16;18;20;21;5;19;25;9;A;4-5-6-9-16-18-19-20-21-25+A;0;0;4;1000,00;26;500,00;178;100,00;802;50,00;2104;14,00;10668;7,00;12057;2,00;61082;1,00;136220;1,00;eur;
25320;15/11/2025;17:00:00;14/02/2026;23;18;14;15;7;3;8;25;16;6;D;3-6-7-8-14-15-16-18-23-25+D;1;500000,00;4;1000,00;21;500,00;161;100,00;881;50,00;2246;14,00;10974;7,00;12118;2,00;60654;1,00;133451;1,00;eur;
25319;15/11/2025;16:00:00;14/02/2026;20;1;21;4;18;6;24;2;7;23;E;1-2-4-6-7-18-20-21-23-24+E;0;0;4;1000,00;18;500,00;156;100,00;714;50,00;2067;14,00;10447;7,00;12271;2,00;60900;1,00;131626;1,00;eur;
25318;15/11/2025;15:00:00;14/02/2026;22;23;13;16;7;24;8;5;17;20;E;5-7-8-13-16-17-20-22-23-24+E;0;0;4;1000,00;20;500,00;182;100,00;870;50,00;2218;14,00;10985;7,00;12244;2,00;60587;1,00;130941;1,00;eur;
25317;15/11/2025;14:00:00;14/02/2026;20;18;2;7;25;3;6;22;8;4;A;2-3-4-6-7-8-18-20-22-25+A;0;0;3;1000,00;21;500,00;170;100,00;898;50,00;2423;14,00;12076;7,00;12958;2,00;64964;1,00;124279;1,00;eur;
25316;15/11/2025;13:00:00;14/02/2026;22;21;20;25;1;13;12;17;24;5;M;1-5-12-13-17-20-21-22-24-25+M;0;0;5;1000,00;34;500,00;222;100,00;1127;50,00;2510;14,00;13069;7,00;14617;2,00;73024;1,00;151658;1,00;eur;
25315;08/11/2025;19:00:00;07/02/2026;17;20;5;8;14;15;6;24;19;13;E;5-6-8-13-14-15-17-19-20-24+E;1;400000,00;2;1000,00;31;500,00;269;100,00;1241;50,00;3082;14,00;15032;7,00;16999;2,00;85690;1,00;192927;1,00;eur;
25314;08/11/2025;18:00:00;07/02/2026;11;9;4;24;6;16;25;20;18;13;S;4-6-9-11-13-16-18-20-24-25+S;0;0;17;1000,00;61;500,00;320;100,00;1422;50,00;2813;14,00;14025;7,00;13644;2,00;67796;1,00;137697;1,00;eur;
25313;08/11/2025;17:00:00;07/02/2026;19;1;15;4;21;9;8;10;3;14;M;1-3-4-8-9-10-14-15-19-21+M;0;0;4;1000,00;37;500,00;205;100,00;986;50,00;2417;14,00;11753;7,00;13185;2,00;65424;1,00;133146;1,00;eur;
25312;08/11/2025;16:00:00;07/02/2026;11;25;17;6;19;2;13;3;16;10;E;2-3-6-10-11-13-16-17-19-25+E;0;0;5;1000,00;41;500,00;200;100,00;1125;50,00;2663;14,00;13201;7,00;13650;2,00;67533;1,00;131454;1,00;eur;
25311;08/11/2025;15:00:00;07/02/2026;11;15;2;1;10;22;7;21;16;12;S;1-2-7-10-11-12-15-16-21-22+S;1;100000,00;6;1000,00;21;500,00;190;100,00;984;50,00;2309;14,00;11669;7,00;12860;2,00;64891;1,00;134706;1,00;eur;
25310;08/11/2025;14:00:00;07/02/2026;22;24;14;12;15;2;23;5;6;18;A;2-5-6-12-14-15-18-22-23-24+A;1;200000,00;7;1000,00;23;500,00;182;100,00;870;50,00;2061;14,00;10483;7,00;11256;2,00;57183;1,00;132273;1,00;eur;
25309;08/11/2025;13:00:00;07/02/2026;25;7;21;19;9;23;24;18;2;8;A;2-7-8-9-18-19-21-23-24-25+A;0;0;3;1000,00;34;500,00;224;100,00;1089;50,00;2925;14,00;14316;7,00;16468;2,00;82758;1,00;171310;1,00;eur;
